<?xml version="1.0" encoding="UTF-8"?>
<SunopsisExport>
<Admin RepositoryVersion="05.02.02.07" IsLegacyIdCompatible="false" />
<Encryption algorithm="AES" keyLength="128" exportKeyHash="" keyVect="BEqjwc+tfHJtWqUBDyBzuA==" exportKeySalt="e16f3ca1-97f3-42c5-ba74-1c6c56009d4c" containsCipherText="false"/>
<Object class="com.sunopsis.dwg.dbobj.SnpProject">
		<Field name="BegVersion" type="java.sql.Timestamp">null</Field>
	<Field name="ExtVersion" type="java.lang.String">null</Field>
	<Field name="FirstDate" type="java.sql.Timestamp"><![CDATA[2021-07-16 05:14:38.0]]></Field>
	<Field name="FirstUser" type="java.lang.String"><![CDATA[SUPERVISOR]]></Field>
	<Field name="GlobalId" type="java.lang.String"><![CDATA[df2c9d94-b7aa-4ae2-8fff-4f673cf6867e]]></Field>
	<Field name="IndChange" type="java.lang.String"><![CDATA[U]]></Field>
	<Field name="IntVersion" type="com.sunopsis.sql.DbInt"><![CDATA[1]]></Field>
	<Field name="IProject" type="com.sunopsis.sql.DbInt"><![CDATA[1]]></Field>
	<Field name="LastDate" type="java.sql.Timestamp"><![CDATA[2021-07-16 05:31:46.0]]></Field>
	<Field name="LastUser" type="java.lang.String"><![CDATA[SUPERVISOR]]></Field>
	<Field name="ProjectCode" type="java.lang.String"><![CDATA[FIRST_PROJECT]]></Field>
	<Field name="ProjectName" type="java.lang.String"><![CDATA[First Project]]></Field>
	<Field name="PrvVersion" type="com.sunopsis.sql.DbInt"><![CDATA[null]]></Field>
	<Field name="VLastDate" type="java.sql.Timestamp">null</Field>
</Object>
<Object class="com.sunopsis.dwg.dbobj.SnpChildFCO">
		<Field name="Type" type="java.lang.String"><![CDATA[SnpFolder]]></Field>
	<Field name="SubType" type="java.lang.String">null</Field>
	<Field name="Name" type="java.lang.String"><![CDATA[First Folder]]></Field>
	<Field name="GlobalId" type="java.lang.String"><![CDATA[98dacb44-f775-47c2-b3a7-9c9cdc578d96]]></Field>
	<Field name="Version" type="java.lang.String"><![CDATA[d00b1f0f99c0e122dc24f77dc26077a608b38a31]]></Field>
	<Field name="Path" type="java.lang.String"><![CDATA[First_Folder/FOLD_First_Folder.xml]]></Field>
</Object>
<Object class="com.sunopsis.dwg.dbobj.SnpChildFCO">
		<Field name="Type" type="java.lang.String"><![CDATA[SnpGrpState]]></Field>
	<Field name="SubType" type="java.lang.String">null</Field>
	<Field name="Name" type="java.lang.String"><![CDATA[Priorities]]></Field>
	<Field name="GlobalId" type="java.lang.String"><![CDATA[b906dbc2-7614-488b-a984-29dcb11063a9]]></Field>
	<Field name="Version" type="java.lang.String"><![CDATA[b07b391261f6a848d0010f9ae73ca60de49ce37c]]></Field>
	<Field name="Path" type="java.lang.String"><![CDATA[Markers/GRP_STATE_Priorities.xml]]></Field>
</Object>
<Object class="com.sunopsis.dwg.dbobj.SnpChildFCO">
		<Field name="Type" type="java.lang.String"><![CDATA[SnpGrpState]]></Field>
	<Field name="SubType" type="java.lang.String">null</Field>
	<Field name="Name" type="java.lang.String"><![CDATA[Progress]]></Field>
	<Field name="GlobalId" type="java.lang.String"><![CDATA[b38a1b82-cb63-4ea0-8f8d-8367e9cea135]]></Field>
	<Field name="Version" type="java.lang.String"><![CDATA[b07b391261f6a848d0010f9ae73ca60de49ce37c]]></Field>
	<Field name="Path" type="java.lang.String"><![CDATA[Markers/GRP_STATE_Progress.xml]]></Field>
</Object>
<Object class="com.sunopsis.dwg.dbobj.SnpChildFCO">
		<Field name="Type" type="java.lang.String"><![CDATA[SnpGrpState]]></Field>
	<Field name="SubType" type="java.lang.String">null</Field>
	<Field name="Name" type="java.lang.String"><![CDATA[Smileys]]></Field>
	<Field name="GlobalId" type="java.lang.String"><![CDATA[05b0561e-7bbe-4ad8-b96b-e54ff002a0c5]]></Field>
	<Field name="Version" type="java.lang.String"><![CDATA[b07b391261f6a848d0010f9ae73ca60de49ce37c]]></Field>
	<Field name="Path" type="java.lang.String"><![CDATA[Markers/GRP_STATE_Smileys.xml]]></Field>
</Object>
<Object class="com.sunopsis.dwg.DwgExportSummary">
		<Field name="ExpTxtNb" type="com.sunopsis.sql.DbInt"><![CDATA[0]]></Field>
	<Field name="InstObjNb" type="com.sunopsis.sql.DbInt"><![CDATA[0]]></Field>
	<Field name="JoinColNb" type="com.sunopsis.sql.DbInt"><![CDATA[0]]></Field>
	<Field name="JoinNb" type="com.sunopsis.sql.DbInt"><![CDATA[0]]></Field>
	<Field name="KeyColNb" type="com.sunopsis.sql.DbInt"><![CDATA[0]]></Field>
	<Field name="KeyNb" type="com.sunopsis.sql.DbInt"><![CDATA[0]]></Field>
	<Field name="LinkDiagNb" type="com.sunopsis.sql.DbInt"><![CDATA[0]]></Field>
	<Field name="MorigTxtNb" type="com.sunopsis.sql.DbInt"><![CDATA[0]]></Field>
	<Field name="MtxtNb" type="com.sunopsis.sql.DbInt"><![CDATA[0]]></Field>
	<Field name="OrigTxtNb" type="com.sunopsis.sql.DbInt"><![CDATA[0]]></Field>
	<Field name="OtherObjectsNb" type="com.sunopsis.sql.DbInt"><![CDATA[1]]></Field>
	<Field name="PlanAgentNb" type="com.sunopsis.sql.DbInt"><![CDATA[0]]></Field>
	<Field name="StepNb" type="com.sunopsis.sql.DbInt"><![CDATA[0]]></Field>
	<Field name="TxtNb" type="com.sunopsis.sql.DbInt"><![CDATA[0]]></Field>
	<Field name="UeOrigNb" type="com.sunopsis.sql.DbInt"><![CDATA[0]]></Field>
	<Field name="UeUsedNb" type="com.sunopsis.sql.DbInt"><![CDATA[0]]></Field>
	<Field name="VarPlanAgentNb" type="com.sunopsis.sql.DbInt"><![CDATA[0]]></Field>
	<Field name="ScenTxtNb" type="com.sunopsis.sql.DbInt"><![CDATA[0]]></Field>
	<Field name="OdiVersion" type="java.lang.String"><![CDATA[12.2.1]]></Field>
	<Field name="OriginRepositoryID" type="com.sunopsis.sql.DbInt"><![CDATA[1]]></Field>
	<Field name="RepositoryVersion" type="java.lang.String"><![CDATA[05.02.02.07]]></Field>
</Object>
</SunopsisExport>
