<?xml version="1.0" encoding="UTF-8"?>
<SunopsisExport>
<Admin RepositoryVersion="05.02.02.07" IsLegacyIdCompatible="false" />
<Encryption algorithm="AES" keyLength="128" exportKeyHash="" keyVect="Lpm32OFiXmu7JPX+bvwsIw==" exportKeySalt="77ce2384-6e57-40c7-85ae-d150ee25cf3b" containsCipherText="false"/>
<Object class="com.sunopsis.dwg.dbobj.SnpObject">
		<Field name="ExtVersion" type="java.lang.String">null</Field>
	<Field name="FirstDate" type="java.sql.Timestamp"><![CDATA[2017-09-25 01:30:45.0]]></Field>
	<Field name="FirstUser" type="java.lang.String"><![CDATA[SUNOPSIS_INSTALL]]></Field>
	<Field name="GlobalId" type="java.lang.String"><![CDATA[a598d5a5-6702-31d0-8ec0-9514cec7b1fb]]></Field>
	<Field name="IndChange" type="java.lang.String"><![CDATA[I]]></Field>
	<Field name="IntJavaName" type="java.lang.String"><![CDATA[com.sunopsis.dwg.dbobj.SnpSessTask]]></Field>
	<Field name="IObjects" type="com.sunopsis.sql.DbInt"><![CDATA[4000]]></Field>
	<Field name="LastDate" type="java.sql.Timestamp"><![CDATA[2017-09-25 01:30:45.0]]></Field>
	<Field name="LastUser" type="java.lang.String"><![CDATA[SUNOPSIS_INSTALL]]></Field>
	<Field name="ObjName" type="java.lang.String"><![CDATA[OBJ_SNPSESSTASK_4000]]></Field>
	<Field name="SecuPos" type="com.sunopsis.sql.DbInt"><![CDATA[710]]></Field>
</Object>
<Object class="com.sunopsis.dwg.dbobj.SnpMethod">
		<Field name="DispPopUp" type="java.lang.String"><![CDATA[1]]></Field>
	<Field name="FirstDate" type="java.sql.Timestamp"><![CDATA[2017-09-25 01:30:45.0]]></Field>
	<Field name="FirstUser" type="java.lang.String"><![CDATA[SUNOPSIS_INSTALL]]></Field>
	<Field name="GlobalId" type="java.lang.String"><![CDATA[9e60fbc4-6a78-3f12-b5c8-0411734f375f]]></Field>
	<Field name="GrantCreator" type="java.lang.String"><![CDATA[1]]></Field>
	<Field name="IndImp" type="java.lang.String">null</Field>
	<Field name="IndNew" type="java.lang.String"><![CDATA[0]]></Field>
	<Field name="IntJavaName" type="java.lang.String"><![CDATA[edit]]></Field>
	<Field name="IMeth" type="com.sunopsis.sql.DbInt"><![CDATA[17300]]></Field>
	<Field name="IObjects" type="com.sunopsis.sql.DbInt"><![CDATA[4000]]></Field>
	<Field name="LastDate" type="java.sql.Timestamp"><![CDATA[2017-09-25 01:30:45.0]]></Field>
	<Field name="LastUser" type="java.lang.String"><![CDATA[SUNOPSIS_INSTALL]]></Field>
	<Field name="Position" type="com.sunopsis.sql.DbInt"><![CDATA[10]]></Field>
	<Field name="ShortName" type="java.lang.String"><![CDATA[METH_EDIT_17300]]></Field>
</Object>
<Object class="com.sunopsis.dwg.dbobj.SnpMethod">
		<Field name="DispPopUp" type="java.lang.String"><![CDATA[1]]></Field>
	<Field name="FirstDate" type="java.sql.Timestamp"><![CDATA[2017-09-25 01:30:45.0]]></Field>
	<Field name="FirstUser" type="java.lang.String"><![CDATA[SUNOPSIS_INSTALL]]></Field>
	<Field name="GlobalId" type="java.lang.String"><![CDATA[3b6cadd0-52ba-3847-abb4-ceba1f3ce7a7]]></Field>
	<Field name="GrantCreator" type="java.lang.String"><![CDATA[1]]></Field>
	<Field name="IndImp" type="java.lang.String">null</Field>
	<Field name="IndNew" type="java.lang.String"><![CDATA[0]]></Field>
	<Field name="IntJavaName" type="java.lang.String"><![CDATA[consult]]></Field>
	<Field name="IMeth" type="com.sunopsis.sql.DbInt"><![CDATA[17400]]></Field>
	<Field name="IObjects" type="com.sunopsis.sql.DbInt"><![CDATA[4000]]></Field>
	<Field name="LastDate" type="java.sql.Timestamp"><![CDATA[2017-09-25 01:30:45.0]]></Field>
	<Field name="LastUser" type="java.lang.String"><![CDATA[SUNOPSIS_INSTALL]]></Field>
	<Field name="Position" type="com.sunopsis.sql.DbInt"><![CDATA[30]]></Field>
	<Field name="ShortName" type="java.lang.String"><![CDATA[METH_CONSULT_17400]]></Field>
</Object>
<Object class="com.sunopsis.dwg.dbobj.SnpFKXRef">
		<Field name="RefKey" type="java.lang.String"><![CDATA[SNP_OBJECT.4000]]></Field>
	<Field name="RefObjGlobalId" type="java.lang.String"><![CDATA[a598d5a5-6702-31d0-8ec0-9514cec7b1fb]]></Field>
 <Field name="RefObjFQName" type="java.lang.String"><![CDATA[Session Task]]></Field>
 <Field name="RefObjFQType" type="java.lang.String"><![CDATA[SNP_OBJECT]]></Field>
 <Field name="RefObjFQNameLengths" type="java.lang.String"><![CDATA[12]]></Field>
</Object>
<Object class="com.sunopsis.dwg.DwgExportSummary">
		<Field name="ExpTxtNb" type="com.sunopsis.sql.DbInt"><![CDATA[0]]></Field>
	<Field name="InstObjNb" type="com.sunopsis.sql.DbInt"><![CDATA[0]]></Field>
	<Field name="JoinColNb" type="com.sunopsis.sql.DbInt"><![CDATA[0]]></Field>
	<Field name="JoinNb" type="com.sunopsis.sql.DbInt"><![CDATA[0]]></Field>
	<Field name="KeyColNb" type="com.sunopsis.sql.DbInt"><![CDATA[0]]></Field>
	<Field name="KeyNb" type="com.sunopsis.sql.DbInt"><![CDATA[0]]></Field>
	<Field name="LinkDiagNb" type="com.sunopsis.sql.DbInt"><![CDATA[0]]></Field>
	<Field name="MorigTxtNb" type="com.sunopsis.sql.DbInt"><![CDATA[0]]></Field>
	<Field name="MtxtNb" type="com.sunopsis.sql.DbInt"><![CDATA[0]]></Field>
	<Field name="OrigTxtNb" type="com.sunopsis.sql.DbInt"><![CDATA[0]]></Field>
	<Field name="OtherObjectsNb" type="com.sunopsis.sql.DbInt"><![CDATA[3]]></Field>
	<Field name="PlanAgentNb" type="com.sunopsis.sql.DbInt"><![CDATA[0]]></Field>
	<Field name="StepNb" type="com.sunopsis.sql.DbInt"><![CDATA[0]]></Field>
	<Field name="TxtNb" type="com.sunopsis.sql.DbInt"><![CDATA[0]]></Field>
	<Field name="UeOrigNb" type="com.sunopsis.sql.DbInt"><![CDATA[0]]></Field>
	<Field name="UeUsedNb" type="com.sunopsis.sql.DbInt"><![CDATA[0]]></Field>
	<Field name="VarPlanAgentNb" type="com.sunopsis.sql.DbInt"><![CDATA[0]]></Field>
	<Field name="ScenTxtNb" type="com.sunopsis.sql.DbInt"><![CDATA[0]]></Field>
	<Field name="OdiVersion" type="java.lang.String"><![CDATA[12.2.1]]></Field>
	<Field name="OriginRepositoryID" type="com.sunopsis.sql.DbInt"><![CDATA[0]]></Field>
	<Field name="RepositoryVersion" type="java.lang.String"><![CDATA[05.02.02.07]]></Field>
</Object>
</SunopsisExport>
