<?xml version="1.0" encoding="UTF-8"?>
<SunopsisExport>
<Admin RepositoryVersion="05.02.02.07" IsLegacyIdCompatible="false" />
<Encryption algorithm="AES" keyLength="128" exportKeyHash="" keyVect="wm+uZTYlcYMq98uHj/Yr5Q==" exportKeySalt="ab305f19-194c-416c-ae83-f4aa5f8b215d" containsCipherText="false"/>
<Object class="com.sunopsis.dwg.dbobj.SnpKmTemplate">
		<Field name="FirstDate" type="java.sql.Timestamp"><![CDATA[2017-09-25 01:38:29.0]]></Field>
	<Field name="FirstUser" type="java.lang.String"><![CDATA[SUNOPSIS_INSTALL]]></Field>
	<Field name="GlobalId" type="java.lang.String"><![CDATA[6a4338dd-7a70-436e-912b-4d44068be2d1]]></Field>
	<Field name="IndChange" type="java.lang.String"><![CDATA[U]]></Field>
	<Field name="IndIsSeeded" type="java.lang.String"><![CDATA[1]]></Field>
	<Field name="IndLangTrans" type="java.lang.String"><![CDATA[1]]></Field>
	<Field name="IndReplNl" type="java.lang.String"><![CDATA[1]]></Field>
	<Field name="IntVersion" type="com.sunopsis.sql.DbInt"><![CDATA[2]]></Field>
	<Field name="IKmTemplate" type="com.sunopsis.sql.DbInt"><![CDATA[162]]></Field>
	<Field name="LangName" type="java.lang.String"><![CDATA[PYTHON]]></Field>
	<Field name="LastDate" type="java.sql.Timestamp"><![CDATA[2017-09-25 01:38:38.0]]></Field>
	<Field name="LastUser" type="java.lang.String"><![CDATA[SUNOPSIS_INSTALL]]></Field>
	<Field name="Name" type="java.lang.String"><![CDATA[SparkFlattenCmdDF]]></Field>
	<Field name="TechnoName" type="java.lang.String"><![CDATA[SPARK_PYTHON]]></Field>
	<Field name="TemplateText" type="java.lang.String"><![CDATA[

{# IF ($[IS_COLLECTION] == 'true') #}
{# IF ($[INCLUDE_NULLS] == 'false') #}
$[SRC_ALIAS] = $[SRC_ALIAS].withColumn("$[SRC_ALIAS]_CPLX_ATTR", explode($[COMPLEX_FIELD_DF]))
{# ELSE #}
$[SRC_ALIAS]_flattened = $[SRC_ALIAS].withColumn("$[SRC_ALIAS]_CPLX_ATTR", explode($[COMPLEX_FIELD_DF]))

{# IF ($[SPARK_STREAMING_DEBUG] == 'true') #}
print("========= %s   : $[SRC_ALIAS]_flattened =========" % type($[SRC_ALIAS]_flattened).__name__)
$[SRC_ALIAS]_flattened.show()
$[SRC_ALIAS]_flattened.printSchema()
{# ENDIF #} 

ind = $[SRC_ALIAS]_flattened.schema.names.index("$[SRC_ALIAS]_CPLX_ATTR")
$[SRC_ALIAS]_nulls = $[SRC_ALIAS].filter((($[COMPLEX_FIELD_DF]).isNull()) | (size($[COMPLEX_FIELD_DF]) == 0)).withColumn("$[SRC_ALIAS]_CPLX_ATTR", $[COMPLEX_FIELD_DEFAULT_DF].cast($[SRC_ALIAS]_flattened.dtypes[ind][1]))

{# IF ($[SPARK_STREAMING_DEBUG] == 'true') #}
print("========= %s   : $[SRC_ALIAS]_nulls =========" % type($[SRC_ALIAS]_nulls).__name__)
$[SRC_ALIAS]_nulls.show()
$[SRC_ALIAS]_nulls.printSchema()
{# ENDIF #} 

$[SRC_ALIAS] = $[SRC_ALIAS]_flattened.unionAll($[SRC_ALIAS]_nulls)
{# ENDIF #} 

{# ELSE #}

{# IF ($[INCLUDE_NULLS] == 'false') #}
$[SRC_ALIAS] = $[SRC_ALIAS].withColumn("$[SRC_ALIAS]_CPLX_ATTR", $[COMPLEX_FIELD_DF]).filter(($[COMPLEX_FIELD_DF]).isNotNull())
{# ELSE #}
$[SRC_ALIAS] = $[SRC_ALIAS].withColumn("$[SRC_ALIAS]_CPLX_ATTR", $[COMPLEX_FIELD_DF])
ind = $[SRC_ALIAS].schema.names.index("$[SRC_ALIAS]_CPLX_ATTR")
$[SRC_ALIAS] = $[SRC_ALIAS].withColumn("$[SRC_ALIAS]_CPLX_ATTR", coalesce($[COMPLEX_FIELD_DF],$[COMPLEX_FIELD_DEFAULT_DF].cast($[SRC_ALIAS].dtypes[ind][1])))
{# ENDIF #}

{# ENDIF #} 

{# IF ($[SPARK_STREAMING_DEBUG] == 'true') #}
print("========= %s   : $[SRC_ALIAS] =========" % type($[SRC_ALIAS]).__name__)
$[SRC_ALIAS].show()
$[SRC_ALIAS].printSchema()
{# ENDIF #} 

{# IF ($[IS_STRUCTURE] == 'true') #} 
{# IF ($[USE_SQL_EXPRESSIONS] == 'true') #}
$[SRC_ALIAS].registerTempTable("$[SRC_ALIAS]_TMP")
$[TGT_ALIAS] = sqlContext.sql("select {# FOR ($[SIMPLE_ATTR_EXPRS_DF],$[SIMPLE_ATTRS_DF]) IN ($[SIMPLE_ATTR_EXPR],$[SIMPLE_ATTR]) SEP = ',' #}$[SIMPLE_ATTR_EXPR] as $[SIMPLE_ATTR]{# ENDFOR #},{# FOR ($[COMPLEX_ATTRS]) IN ($[COMPLEX_ATTR]) SEP = ',' #}$[SRC_ALIAS]_CPLX_ATTR.$[COMPLEX_ATTR] as $[TGT_ALIAS]_$[COMPLEX_ATTR]{# ENDFOR #} from $[SRC_ALIAS]_TMP")
{# ELSE #}
$[TGT_ALIAS] = $[SRC_ALIAS].select({# FOR ($[SIMPLE_ATTR_EXPRS_DF],$[SIMPLE_ATTRS_DF]) IN ($[SIMPLE_ATTR_EXPR],$[SIMPLE_ATTR]) SEP = ',' #}($[SIMPLE_ATTR_EXPR]).alias("$[SIMPLE_ATTR]"){# ENDFOR #},{# FOR ($[COMPLEX_ATTRS]) IN ($[COMPLEX_ATTR]) SEP = ',' #}($[SRC_ALIAS].$[SRC_ALIAS]_CPLX_ATTR.$[COMPLEX_ATTR]).alias("$[TGT_ALIAS]_$[COMPLEX_ATTR]"){# ENDFOR #})
{# ENDIF #}
{# ELSE #}
{# IF ($[USE_SQL_EXPRESSIONS] == 'true') #}
$[SRC_ALIAS].registerTempTable("$[SRC_ALIAS]_TMP")
$[TGT_ALIAS] = sqlContext.sql("select {# FOR ($[SIMPLE_ATTR_EXPRS_DF],$[SIMPLE_ATTRS_DF]) IN ($[SIMPLE_ATTR_EXPR],$[SIMPLE_ATTR]) SEP = ',' #}$[SIMPLE_ATTR_EXPR] as $[SIMPLE_ATTR]{# ENDFOR #},{# FOR ($[COMPLEX_ATTRS]) IN ($[COMPLEX_ATTR]) SEP = ',' #}$[SRC_ALIAS]_CPLX_ATTR as $[TGT_ALIAS]_$[COMPLEX_ATTR]{# ENDFOR #} from $[SRC_ALIAS]_TMP")
{# ELSE #}
$[TGT_ALIAS] = $[SRC_ALIAS].select({# FOR ($[SIMPLE_ATTR_EXPRS_DF],$[SIMPLE_ATTRS_DF]) IN ($[SIMPLE_ATTR_EXPR],$[SIMPLE_ATTR]) SEP = ',' #}($[SIMPLE_ATTR_EXPR]).alias("$[SIMPLE_ATTR]"){# ENDFOR #},{# FOR ($[COMPLEX_ATTRS]) IN ($[COMPLEX_ATTR]) SEP = ',' #}($[SRC_ALIAS].$[SRC_ALIAS]_CPLX_ATTR).alias("$[TGT_ALIAS]_$[COMPLEX_ATTR]"){# ENDFOR #})
{# ENDIF #}
{# ENDIF #}

{# IF ($[SPARK_STREAMING_DEBUG] == 'true') #}
print("========= %s   : $[TGT_ALIAS] =========" % type($[TGT_ALIAS]).__name__)
$[TGT_ALIAS].show()
$[TGT_ALIAS].printSchema()
{# ENDIF #} 

{# INCLUDE = 'SparkPartitionRedistributeAndSortDF' #}
]]></Field>
	<Field name="TemplateVersion" type="java.lang.String">null</Field>
</Object>
<Object class="com.sunopsis.dwg.dbobj.SnpTemplateJoin">
		<Field name="GlobalId" type="java.lang.String"><![CDATA[72251b98-a2f5-4540-be46-bd4eda6ae0ac]]></Field>
	<Field name="IKmTemplate" type="com.sunopsis.sql.DbInt"><![CDATA[162]]></Field>
	<Field name="IKmTemplateRef" type="com.sunopsis.sql.DbInt"><![CDATA[168]]></Field>
</Object>
<Object class="com.sunopsis.dwg.dbobj.SnpTemplateJoin">
		<Field name="GlobalId" type="java.lang.String"><![CDATA[494016b5-0451-43e3-89df-99071d025147]]></Field>
	<Field name="IKmTemplate" type="com.sunopsis.sql.DbInt"><![CDATA[126]]></Field>
	<Field name="IKmTemplateRef" type="com.sunopsis.sql.DbInt"><![CDATA[162]]></Field>
</Object>
<Object class="com.sunopsis.dwg.dbobj.SnpFKXRef">
		<Field name="RefKey" type="java.lang.String"><![CDATA[SNP_KMTEMPLATE.162]]></Field>
	<Field name="RefObjGlobalId" type="java.lang.String"><![CDATA[6a4338dd-7a70-436e-912b-4d44068be2d1]]></Field>
 <Field name="RefObjFQName" type="java.lang.String"><![CDATA[SparkFlattenCmdDF]]></Field>
 <Field name="RefObjFQType" type="java.lang.String"><![CDATA[SNP_KMTEMPLATE]]></Field>
 <Field name="RefObjFQNameLengths" type="java.lang.String"><![CDATA[17]]></Field>
</Object>
<Object class="com.sunopsis.dwg.dbobj.SnpFKXRef">
		<Field name="RefKey" type="java.lang.String"><![CDATA[SNP_KMTEMPLATE.168]]></Field>
	<Field name="RefObjGlobalId" type="java.lang.String"><![CDATA[0519558e-4d77-490a-bacb-69b2a2b2fad5]]></Field>
 <Field name="RefObjFQName" type="java.lang.String"><![CDATA[SparkPartitionRedistributeAndSortDF]]></Field>
 <Field name="RefObjFQType" type="java.lang.String"><![CDATA[SNP_KMTEMPLATE]]></Field>
 <Field name="RefObjFQNameLengths" type="java.lang.String"><![CDATA[35]]></Field>
</Object>
<Object class="com.sunopsis.dwg.dbobj.SnpFKXRef">
		<Field name="RefKey" type="java.lang.String"><![CDATA[SNP_KMTEMPLATE.126]]></Field>
	<Field name="RefObjGlobalId" type="java.lang.String"><![CDATA[fa46e5fa-2d00-11e6-9418-00163e1ffd72]]></Field>
 <Field name="RefObjFQName" type="java.lang.String"><![CDATA[SparkFlattenCmd]]></Field>
 <Field name="RefObjFQType" type="java.lang.String"><![CDATA[SNP_KMTEMPLATE]]></Field>
 <Field name="RefObjFQNameLengths" type="java.lang.String"><![CDATA[15]]></Field>
</Object>
<Object class="com.sunopsis.dwg.DwgExportSummary">
		<Field name="ExpTxtNb" type="com.sunopsis.sql.DbInt"><![CDATA[0]]></Field>
	<Field name="InstObjNb" type="com.sunopsis.sql.DbInt"><![CDATA[0]]></Field>
	<Field name="JoinColNb" type="com.sunopsis.sql.DbInt"><![CDATA[0]]></Field>
	<Field name="JoinNb" type="com.sunopsis.sql.DbInt"><![CDATA[0]]></Field>
	<Field name="KeyColNb" type="com.sunopsis.sql.DbInt"><![CDATA[0]]></Field>
	<Field name="KeyNb" type="com.sunopsis.sql.DbInt"><![CDATA[0]]></Field>
	<Field name="LinkDiagNb" type="com.sunopsis.sql.DbInt"><![CDATA[0]]></Field>
	<Field name="MorigTxtNb" type="com.sunopsis.sql.DbInt"><![CDATA[0]]></Field>
	<Field name="MtxtNb" type="com.sunopsis.sql.DbInt"><![CDATA[0]]></Field>
	<Field name="OrigTxtNb" type="com.sunopsis.sql.DbInt"><![CDATA[0]]></Field>
	<Field name="OtherObjectsNb" type="com.sunopsis.sql.DbInt"><![CDATA[3]]></Field>
	<Field name="PlanAgentNb" type="com.sunopsis.sql.DbInt"><![CDATA[0]]></Field>
	<Field name="StepNb" type="com.sunopsis.sql.DbInt"><![CDATA[0]]></Field>
	<Field name="TxtNb" type="com.sunopsis.sql.DbInt"><![CDATA[0]]></Field>
	<Field name="UeOrigNb" type="com.sunopsis.sql.DbInt"><![CDATA[0]]></Field>
	<Field name="UeUsedNb" type="com.sunopsis.sql.DbInt"><![CDATA[0]]></Field>
	<Field name="VarPlanAgentNb" type="com.sunopsis.sql.DbInt"><![CDATA[0]]></Field>
	<Field name="ScenTxtNb" type="com.sunopsis.sql.DbInt"><![CDATA[0]]></Field>
	<Field name="OdiVersion" type="java.lang.String"><![CDATA[12.2.1]]></Field>
	<Field name="OriginRepositoryID" type="com.sunopsis.sql.DbInt"><![CDATA[1]]></Field>
	<Field name="RepositoryVersion" type="java.lang.String"><![CDATA[05.02.02.07]]></Field>
</Object>
</SunopsisExport>
