<?xml version="1.0" encoding="UTF-8"?>
<SunopsisExport>
<Admin RepositoryVersion="05.02.02.07" IsLegacyIdCompatible="false" />
<Encryption algorithm="AES" keyLength="128" exportKeyHash="" keyVect="7C7jYHmhU78asHe8R8kQwg==" exportKeySalt="7a651d20-869f-45dc-b31c-c9cd1f70d29a" containsCipherText="false"/>
<Object class="com.sunopsis.dwg.dbobj.SnpKmTemplate">
		<Field name="FirstDate" type="java.sql.Timestamp"><![CDATA[2017-09-25 01:38:29.0]]></Field>
	<Field name="FirstUser" type="java.lang.String"><![CDATA[SUNOPSIS_INSTALL]]></Field>
	<Field name="GlobalId" type="java.lang.String"><![CDATA[c5f54dca-279c-4de1-a552-1e270cbca8f8]]></Field>
	<Field name="IndChange" type="java.lang.String"><![CDATA[U]]></Field>
	<Field name="IndIsSeeded" type="java.lang.String"><![CDATA[1]]></Field>
	<Field name="IndLangTrans" type="java.lang.String"><![CDATA[1]]></Field>
	<Field name="IndReplNl" type="java.lang.String"><![CDATA[1]]></Field>
	<Field name="IntVersion" type="com.sunopsis.sql.DbInt"><![CDATA[2]]></Field>
	<Field name="IKmTemplate" type="com.sunopsis.sql.DbInt"><![CDATA[164]]></Field>
	<Field name="LangName" type="java.lang.String"><![CDATA[PYTHON]]></Field>
	<Field name="LastDate" type="java.sql.Timestamp"><![CDATA[2017-09-25 01:38:38.0]]></Field>
	<Field name="LastUser" type="java.lang.String"><![CDATA[SUNOPSIS_INSTALL]]></Field>
	<Field name="Name" type="java.lang.String"><![CDATA[SparkLookupCmdDF]]></Field>
	<Field name="TechnoName" type="java.lang.String"><![CDATA[SPARK_PYTHON]]></Field>
	<Field name="TemplateText" type="java.lang.String"><![CDATA[
{# IF ($[USE_SQL_EXPRESSIONS] == 'true') #}  

$[DRIVER_ALIAS].registerTempTable("$[DRIVER_ALIAS]_TMP")
$[LOOKUP_ALIAS].registerTempTable("$[LOOKUP_ALIAS]_TMP")
{# IF ($[NO_MATCH] == 'NO_ROW') #}
$[TGT_ALIAS] = sqlContext.sql("select * from $[DRIVER_ALIAS]_TMP join $[LOOKUP_ALIAS]_TMP on $[LOOKUP_COND_DF]")
{# ELSE #}
{# IF ($[NTHROW_DF] == '-1' or $[NTHROW_DF] == '1')#}
$[TGT_ALIAS]_query = """
select {# FOR ($[SRC_ATTREXPR_DF],$[SRC_ATTRNAMES_DF]) IN ($[SRC_ATTREXPR],$[SRC_ATTNAME]) SEP = ',
' #}{# IF ($[SRC_ATTREXPR] == '') #}$[SRC_ATTNAME]{# ELSE #}CASE WHEN ({# FOR ($[LOOKUP_KEYS_DF]) IN ($[LOOKUP_KEY]) SEP = ' and ' #}$[LOOKUP_KEY] is NULL{# ENDFOR #}) THEN $[SRC_ATTREXPR] ELSE $[SRC_ATTNAME] END as $[SRC_ATTNAME]{# ENDIF #}{# ENDFOR #}
from $[DRIVER_ALIAS]_TMP left outer join $[LOOKUP_ALIAS]_TMP on $[LOOKUP_COND_DF]
"""
{# ELSE #}
$[TGT_ALIAS]_query = """
select *
from $[DRIVER_ALIAS]_TMP left outer join $[LOOKUP_ALIAS]_TMP on $[LOOKUP_COND_DF]
"""
{# ENDIF #}
$[TGT_ALIAS] = sqlContext.sql($[TGT_ALIAS]_query)
{# ENDIF #}

{# ELSE #}

{# IF ($[NO_MATCH] == 'NO_ROW') #}
$[TGT_ALIAS] = $[DRIVER_ALIAS].join($[LOOKUP_ALIAS],$[LOOKUP_COND_DF],'inner')
{# ELSE #}
$[TGT_ALIAS] = $[DRIVER_ALIAS].join($[LOOKUP_ALIAS],$[LOOKUP_COND_DF],'left_outer')

{# IF ($[SPARK_STREAMING_DEBUG] == 'true') #}
print("========= %s   : $[TGT_ALIAS] =========" % type($[TGT_ALIAS]).__name__)
$[TGT_ALIAS].show()
$[TGT_ALIAS].printSchema()
{# ENDIF #}

{# IF ($[NTHROW_DF] == '-1' or $[NTHROW_DF] == '1')#}

$[TGT_ALIAS]_defaults = $[TGT_ALIAS].filter({# FOR ($[LOOKUP_KEYS_DF]) IN ($[LOOKUP_KEY]) SEP = ' & ' #}($[LOOKUP_KEY]).isNull(){# ENDFOR #}).select({# FOR ($[SRC_ATTREXPR_DF],$[SRC_ATTRNAMES_DF],$[SRC_QATTRNAMES_DF]) IN ($[SRC_ATTREXPR],$[SRC_ATTNAME],$[SRC_QATTNAME]) SEP = ', ' #}{# IF ($[SRC_ATTREXPR] == '') #}$[SRC_QATTNAME]{# ELSE #}coalesce($[SRC_QATTNAME],$[SRC_ATTREXPR]).alias("$[SRC_ATTNAME]"){# ENDIF #}{# ENDFOR #})

{# IF ($[SPARK_STREAMING_DEBUG] == 'true') #}
print("========= %s   : $[TGT_ALIAS]_defaults =========" % type($[TGT_ALIAS]_defaults).__name__)
$[TGT_ALIAS]_defaults.show()
$[TGT_ALIAS]_defaults.printSchema()
{# ENDIF #} 

$[TGT_ALIAS]_matching = $[TGT_ALIAS].filter({# FOR ($[LOOKUP_KEYS_DF]) IN ($[LOOKUP_KEY]) SEP = ' | ' #}($[LOOKUP_KEY]).isNotNull(){# ENDFOR #})

{# IF ($[SPARK_STREAMING_DEBUG] == 'true') #}
print("========= %s   : $[TGT_ALIAS]_matching =========" % type($[TGT_ALIAS]_matching).__name__)
$[TGT_ALIAS]_matching.show()
$[TGT_ALIAS]_matching.printSchema()
{# ENDIF #} 

$[TGT_ALIAS] = $[TGT_ALIAS]_matching.unionAll($[TGT_ALIAS]_defaults)

{# ENDIF #}

{# ENDIF #}

{# ENDIF #}

{# IF ($[NTHROW_DF] != '-1' and $[ERROR_WHEN_MULTIPLE_ROW] == 'false') #}

from pyspark.sql import Window

{# IF ($[ANY_ROW] == 'false') #}
$[TGT_ALIAS]_window_rn = Window.partitionBy({# FOR ($[DRIVER_KEYS_DF]) IN ($[DRIVER_KEY]) SEP = ',' #}"$[DRIVER_KEY]"{# ENDFOR #}).orderBy({# FOR ($[ORDERBY_EXPRS_DF],$[ORDERBY_TYPES_DF]) IN ($[ORDERBY_EXPR],$[ORDERBY_TYPE]) SEP = ',' #}$[ORDERBY_TYPE]("$[ORDERBY_EXPR]"){# ENDFOR #})
{# ELSE #}
$[TGT_ALIAS]_window_rn = Window.partitionBy({# FOR ($[DRIVER_KEYS_DF]) IN ($[DRIVER_KEY]) SEP = ',' #}"$[DRIVER_KEY]"{# ENDFOR #}).orderBy({# FOR ($[LOOKUP_KEYS_NO_PREF_DF]) IN ($[LOOKUP_KEY]) SEP = ',' #}"$[LOOKUP_KEY]"{# ENDFOR #})
{# ENDIF #}

{# IF ($[NTHROW_DF] == '1') #}

$[TGT_ALIAS] = $[TGT_ALIAS].select('*', row_number().over($[TGT_ALIAS]_window_rn).alias("rn"))

{# IF ($[SPARK_STREAMING_DEBUG] == 'true') #}
print("========= %s   : $[TGT_ALIAS] =========" % type($[TGT_ALIAS]).__name__)
$[TGT_ALIAS].show()
$[TGT_ALIAS].printSchema()
{# ENDIF #} 

$[TGT_ALIAS] = $[TGT_ALIAS].filter("rn = $[NTHROW_DF]")

{# ELSE #}

$[TGT_ALIAS]_window_cnt = Window.partitionBy({# FOR ($[DRIVER_KEYS_DF]) IN ($[DRIVER_KEY]) SEP = ',' #}"$[DRIVER_KEY]"{# ENDFOR #})
$[TGT_ALIAS] = $[TGT_ALIAS].select('*', row_number().over($[TGT_ALIAS]_window_rn).alias("rn"), count('*').over($[TGT_ALIAS]_window_cnt).alias("cnt"))

{# IF ($[SPARK_STREAMING_DEBUG] == 'true') #}
print("========= %s   : $[TGT_ALIAS] =========" % type($[TGT_ALIAS]).__name__)
$[TGT_ALIAS].show()
$[TGT_ALIAS].printSchema()
{# ENDIF #} 

{# IF ($[USE_SQL_EXPRESSIONS] == 'true') #}  

$[TGT_ALIAS].registerTempTable("$[TGT_ALIAS]_TMP")
$[TGT_ALIAS]_query = """
select {# FOR ($[SRC_ATTREXPR_DF],$[SRC_ATTRNAMES_DF]) IN ($[SRC_ATTREXPR],$[SRC_ATTNAME]) SEP = ',
' #}{# IF ($[SRC_ATTREXPR] == '') #}$[SRC_ATTNAME]{# ELSE #}CASE WHEN (rn = 1 and cnt < $[NTHROW_DF]) THEN $[SRC_ATTREXPR] ELSE $[SRC_ATTNAME] END as $[SRC_ATTNAME]{# ENDIF #}{# ENDFOR #}
from $[TGT_ALIAS]_TMP
where (rn = $[NTHROW_DF] and cnt >= $[NTHROW_DF]) or (rn = 1 and cnt < $[NTHROW_DF])
"""
$[TGT_ALIAS] = sqlContext.sql($[TGT_ALIAS]_query)

{# ELSE #}

$[TGT_ALIAS] = $[TGT_ALIAS].filter("(rn = $[NTHROW_DF] and cnt >= $[NTHROW_DF]) or (rn = 1 and cnt < $[NTHROW_DF])")

{# IF ($[SPARK_STREAMING_DEBUG] == 'true') #}
print("========= %s   : $[TGT_ALIAS] =========" % type($[TGT_ALIAS]).__name__)
$[TGT_ALIAS].show()
$[TGT_ALIAS].printSchema()
{# ENDIF #} 

$[TGT_ALIAS] = $[TGT_ALIAS].select({# FOR ($[SRC_ATTREXPR_DF],$[SRC_ATTRNAMES_DF],$[SRC_QATTRNAMES_DF]) IN ($[SRC_ATTREXPR],$[SRC_ATTNAME],$[SRC_QATTNAME]) SEP = ', ' #}{# IF ($[SRC_ATTREXPR] == '') #}$[SRC_QATTNAME]{# ELSE #}(when(($[TGT_ALIAS].rn == 1) & ($[TGT_ALIAS].cnt < $[NTHROW_DF]), $[SRC_ATTREXPR]).otherwise($[SRC_QATTNAME])).alias("$[SRC_ATTNAME]"){# ENDIF #}{# ENDFOR #})

{# ENDIF #} 

{# ENDIF #} 

{# ENDIF #}

{# IF ($[SPARK_STREAMING_DEBUG] == 'true') #}
print("========= %s   : $[TGT_ALIAS] =========" % type($[TGT_ALIAS]).__name__)
$[TGT_ALIAS].show()
$[TGT_ALIAS].printSchema()
{# ENDIF #} 

{# INCLUDE = 'SparkPartitionRedistributeAndSortDF' #}
]]></Field>
	<Field name="TemplateVersion" type="java.lang.String">null</Field>
</Object>
<Object class="com.sunopsis.dwg.dbobj.SnpTemplateJoin">
		<Field name="GlobalId" type="java.lang.String"><![CDATA[17836e74-b92f-4e95-a8cc-ab34dabdc879]]></Field>
	<Field name="IKmTemplate" type="com.sunopsis.sql.DbInt"><![CDATA[164]]></Field>
	<Field name="IKmTemplateRef" type="com.sunopsis.sql.DbInt"><![CDATA[168]]></Field>
</Object>
<Object class="com.sunopsis.dwg.dbobj.SnpTemplateJoin">
		<Field name="GlobalId" type="java.lang.String"><![CDATA[ccfc3af1-6bb0-4a0f-a21b-7545c4153e9d]]></Field>
	<Field name="IKmTemplate" type="com.sunopsis.sql.DbInt"><![CDATA[110]]></Field>
	<Field name="IKmTemplateRef" type="com.sunopsis.sql.DbInt"><![CDATA[164]]></Field>
</Object>
<Object class="com.sunopsis.dwg.dbobj.SnpFKXRef">
		<Field name="RefKey" type="java.lang.String"><![CDATA[SNP_KMTEMPLATE.164]]></Field>
	<Field name="RefObjGlobalId" type="java.lang.String"><![CDATA[c5f54dca-279c-4de1-a552-1e270cbca8f8]]></Field>
 <Field name="RefObjFQName" type="java.lang.String"><![CDATA[SparkLookupCmdDF]]></Field>
 <Field name="RefObjFQType" type="java.lang.String"><![CDATA[SNP_KMTEMPLATE]]></Field>
 <Field name="RefObjFQNameLengths" type="java.lang.String"><![CDATA[16]]></Field>
</Object>
<Object class="com.sunopsis.dwg.dbobj.SnpFKXRef">
		<Field name="RefKey" type="java.lang.String"><![CDATA[SNP_KMTEMPLATE.168]]></Field>
	<Field name="RefObjGlobalId" type="java.lang.String"><![CDATA[0519558e-4d77-490a-bacb-69b2a2b2fad5]]></Field>
 <Field name="RefObjFQName" type="java.lang.String"><![CDATA[SparkPartitionRedistributeAndSortDF]]></Field>
 <Field name="RefObjFQType" type="java.lang.String"><![CDATA[SNP_KMTEMPLATE]]></Field>
 <Field name="RefObjFQNameLengths" type="java.lang.String"><![CDATA[35]]></Field>
</Object>
<Object class="com.sunopsis.dwg.dbobj.SnpFKXRef">
		<Field name="RefKey" type="java.lang.String"><![CDATA[SNP_KMTEMPLATE.110]]></Field>
	<Field name="RefObjGlobalId" type="java.lang.String"><![CDATA[fa46ec9e-2d00-11e6-942d-00163e1ffd72]]></Field>
 <Field name="RefObjFQName" type="java.lang.String"><![CDATA[SparkLookupCmd]]></Field>
 <Field name="RefObjFQType" type="java.lang.String"><![CDATA[SNP_KMTEMPLATE]]></Field>
 <Field name="RefObjFQNameLengths" type="java.lang.String"><![CDATA[14]]></Field>
</Object>
<Object class="com.sunopsis.dwg.DwgExportSummary">
		<Field name="ExpTxtNb" type="com.sunopsis.sql.DbInt"><![CDATA[0]]></Field>
	<Field name="InstObjNb" type="com.sunopsis.sql.DbInt"><![CDATA[0]]></Field>
	<Field name="JoinColNb" type="com.sunopsis.sql.DbInt"><![CDATA[0]]></Field>
	<Field name="JoinNb" type="com.sunopsis.sql.DbInt"><![CDATA[0]]></Field>
	<Field name="KeyColNb" type="com.sunopsis.sql.DbInt"><![CDATA[0]]></Field>
	<Field name="KeyNb" type="com.sunopsis.sql.DbInt"><![CDATA[0]]></Field>
	<Field name="LinkDiagNb" type="com.sunopsis.sql.DbInt"><![CDATA[0]]></Field>
	<Field name="MorigTxtNb" type="com.sunopsis.sql.DbInt"><![CDATA[0]]></Field>
	<Field name="MtxtNb" type="com.sunopsis.sql.DbInt"><![CDATA[0]]></Field>
	<Field name="OrigTxtNb" type="com.sunopsis.sql.DbInt"><![CDATA[0]]></Field>
	<Field name="OtherObjectsNb" type="com.sunopsis.sql.DbInt"><![CDATA[3]]></Field>
	<Field name="PlanAgentNb" type="com.sunopsis.sql.DbInt"><![CDATA[0]]></Field>
	<Field name="StepNb" type="com.sunopsis.sql.DbInt"><![CDATA[0]]></Field>
	<Field name="TxtNb" type="com.sunopsis.sql.DbInt"><![CDATA[0]]></Field>
	<Field name="UeOrigNb" type="com.sunopsis.sql.DbInt"><![CDATA[0]]></Field>
	<Field name="UeUsedNb" type="com.sunopsis.sql.DbInt"><![CDATA[0]]></Field>
	<Field name="VarPlanAgentNb" type="com.sunopsis.sql.DbInt"><![CDATA[0]]></Field>
	<Field name="ScenTxtNb" type="com.sunopsis.sql.DbInt"><![CDATA[0]]></Field>
	<Field name="OdiVersion" type="java.lang.String"><![CDATA[12.2.1]]></Field>
	<Field name="OriginRepositoryID" type="com.sunopsis.sql.DbInt"><![CDATA[1]]></Field>
	<Field name="RepositoryVersion" type="java.lang.String"><![CDATA[05.02.02.07]]></Field>
</Object>
</SunopsisExport>
