<?xml version="1.0" encoding="UTF-8"?>
<SunopsisExport>
<Admin RepositoryVersion="05.02.02.07" IsLegacyIdCompatible="false" />
<Encryption algorithm="AES" keyLength="128" exportKeyHash="" keyVect="YxpuTstc6qk09liBXZVADA==" exportKeySalt="83d439ca-e8e7-46b1-ad27-74c72a98d1b8" containsCipherText="false"/>
<Object class="com.sunopsis.dwg.dbobj.SnpKmTemplate">
		<Field name="FirstDate" type="java.sql.Timestamp"><![CDATA[2017-09-25 01:38:28.0]]></Field>
	<Field name="FirstUser" type="java.lang.String"><![CDATA[SUNOPSIS_INSTALL]]></Field>
	<Field name="GlobalId" type="java.lang.String"><![CDATA[fa46ec9e-2d00-11e6-942d-00163e1ffd72]]></Field>
	<Field name="IndChange" type="java.lang.String"><![CDATA[U]]></Field>
	<Field name="IndIsSeeded" type="java.lang.String"><![CDATA[1]]></Field>
	<Field name="IndLangTrans" type="java.lang.String"><![CDATA[1]]></Field>
	<Field name="IndReplNl" type="java.lang.String"><![CDATA[1]]></Field>
	<Field name="IntVersion" type="com.sunopsis.sql.DbInt"><![CDATA[2]]></Field>
	<Field name="IKmTemplate" type="com.sunopsis.sql.DbInt"><![CDATA[110]]></Field>
	<Field name="LangName" type="java.lang.String"><![CDATA[PYTHON]]></Field>
	<Field name="LastDate" type="java.sql.Timestamp"><![CDATA[2017-09-25 01:38:37.0]]></Field>
	<Field name="LastUser" type="java.lang.String"><![CDATA[SUNOPSIS_INSTALL]]></Field>
	<Field name="Name" type="java.lang.String"><![CDATA[SparkLookupCmd]]></Field>
	<Field name="TechnoName" type="java.lang.String"><![CDATA[SPARK_PYTHON]]></Field>
	<Field name="TemplateText" type="java.lang.String"><![CDATA[
{# IF ($[USE_DATAFRAMES] == 'true') #}
{# INCLUDE = 'SparkLookupCmdDF' #}
{# ELSE #}    
{# IF ($[STREAMING_MODE] == 'true') #}
{# INCLUDE = 'SparkLookupCmdStreaming' #}
{# ELSE #}
{# IF ($[CACHE_BASED_ON_KEYS] == 'true' )#}
driverKeys = set( $[DRIVER_ALIAS].map(lambda $[DRIVER_ALIAS]:$[DRIVER_KEY]).collect())
$[LOOKUP_ALIAS] = loadLookupSource(sc, driverKeys)
{# ENDIF #}
lookupSource = $[LOOKUP_ALIAS]
lookupDriver = $[DRIVER_ALIAS]
{# IF ($[NO_MATCH] == 'DEFAULT_VALUES') #}
def defaultValue$[LOOKUP_POSTFIX]($[LOOKUP_RDD_SHAPE]): return $[DEFAULT_VALUE_CREATION]
{# ENDIF #}
{# IF ($[SIMPLE_EQUL_LOOKUP] == 'true') #}
lookupDriver = lookupDriver.keyBy(lambda $[DRIVER_RDD_SHAPE]: {# IF ($[SIMPLE_EQUL_LOOKUP] == 'true') #}$[DRIVER_KEY]{# ELSE #}None{# ENDIF #}) 
{# IF ($[SPARK_STREAMING_DEBUG] == 'true') #}
print("========= %s   : lookupDriver keyBy =========" % type(lookupDriver).__name__)
for line in lookupDriver.collect():
    print line
{# ENDIF #}
lookupSource = lookupSource.keyBy(lambda $[LOOKUP_RDD_SHAPE]: {# IF ($[SIMPLE_EQUL_LOOKUP] == 'true') #}$[LOOKUP_KEY]{# ELSE #}None{# ENDIF #})
{# IF ($[SPARK_STREAMING_DEBUG] == 'true') #}
print("========= %s   : lookupSource keyBy =========" % type(lookupSource).__name__)
for line in lookupSource.collect():
    print line
{# ENDIF #}
{# ENDIF #}
{# IF ($[IS_MAP_SIDE] == 'true') #}
lookupVariable$[LOOKUP_POSTFIX] = lookupSource.{# IF ($[SIMPLE_EQUL_LOOKUP] == 'true') #}groupByKey().collectAsMap(){# ELSE #}collect(){# ENDIF #}
{# IF ($[SPARK_STREAMING_DEBUG] == 'true') #}
print("========= %s   : lookupVariable$[LOOKUP_POSTFIX] =========" % type(lookupVariable$[LOOKUP_POSTFIX]).__name__)
if type(lookupVariable$[LOOKUP_POSTFIX]).__name__ == 'dict' :
  for k,v in lookupVariable$[LOOKUP_POSTFIX].iteritems() :
    print k
    for line in v:
      print line
else :
  for v in lookupVariable$[LOOKUP_POSTFIX] :
    print v    
{# ENDIF #}
lookupVariable$[LOOKUP_POSTFIX] = sc.broadcast(lookupVariable$[LOOKUP_POSTFIX])
def joinFunc$[LOOKUP_POSTFIX](iterator):
  lookupMap = lookupVariable$[LOOKUP_POSTFIX].value
  for elem in iterator:
{# IF ($[SIMPLE_EQUL_LOOKUP] == 'true') #}
{# IF ($[NO_MATCH] == 'NO_ROW') #}
    yield (elem[1], lookupMap.get(elem[0]).data if  lookupMap.has_key(elem[0]) else [])
{# ELSE #}
    yield (elem[1], lookupMap.get(elem[0]).data if  lookupMap.has_key(elem[0]) else [defaultValue$[LOOKUP_POSTFIX](elem[1])])
{# ENDIF #}    
{# ELSE #}
    $[DRIVER_RDD_SHAPE] = elem
    matchedLines = filter(lambda $[LOOKUP_RDD_SHAPE] : safeExpr(lambda : $[LOOKUP_COND] , False), lookupMap)
{# IF ($[NO_MATCH] == 'NO_ROW') #}
    yield (elem, matchedLines if len(matchedLines) > 0 else [])
{# ELSE #}
    yield (elem, matchedLines if len(matchedLines) > 0 else [defaultValue$[LOOKUP_POSTFIX](elem)])
{# ENDIF #}
{# ENDIF #}
lookupResult = lookupDriver.mapPartitions(joinFunc$[LOOKUP_POSTFIX]){# IF ($[NTHROW] == '-1') #}.flatMapValues(lambda l : l){# ENDIF #}
{# ELSE #}
{# IF ($[SIMPLE_EQUL_LOOKUP] == 'true') #}
{# IF ($[NO_MATCH] == 'NO_ROW') #}
lookupResult = lookupDriver.join(lookupSource{# IF ($[LEVEL_PARALLELISM] > '0') #}, $[LEVEL_PARALLELISM]{# ENDIF #}).mapValues(lambda line: (line[0],line[1])).map(lambda line: line[1])
{# ELSE #}
leftOuterJoinResult = lookupDriver.leftOuterJoin(lookupSource{# IF ($[LEVEL_PARALLELISM] > '0') #}, $[LEVEL_PARALLELISM]{# ENDIF #}).mapValues(lambda line: (line[0],line[1])).map(lambda line: line[1])
{# IF ($[SPARK_STREAMING_DEBUG] == 'true') #}
print("========= %s   : leftOuterJoinResult =========" % type(leftOuterJoinResult).__name__)
for line in leftOuterJoinResult.collect():
    print line
{# ENDIF #}
lookupResult = leftOuterJoinResult.map(lambda (d, l) : (d, l) if l != None else (d, defaultValue$[LOOKUP_POSTFIX](d)))
{# ENDIF #}
{# ELSE #}
cartesianResult = lookupDriver.cartesian(lookupSource)
leftOuterJoinResult = cartesianResult.filter(lambda ($[DRIVER_RDD_SHAPE],$[LOOKUP_RDD_SHAPE]): safeExpr(lambda : $[LOOKUP_COND], False))
{# IF ($[NO_MATCH] == 'NO_ROW') #}
lookupResult = leftOuterJoinResult
{# ELSE #}
subtrahend = leftOuterJoinResult.map(lambda line:line[0])
defaultResult = lookupDriver.subtract(subtrahend).map(lambda line:(line, defaultValue$[LOOKUP_POSTFIX](line)))
lookupResult = leftOuterJoinResult.union(defaultResult)
{# ENDIF #}
{# ENDIF #}
{# ENDIF #}
{# IF ($[NTHROW] != '-1') #}
{# IF ($[IS_MAP_SIDE] == 'false') #}
{# IF ($[SPARK_STREAMING_DEBUG] == 'true') #}
print "========== lookupResult before groupBy ====================================="
for line in lookupResult.collect() :
  print line
{# ENDIF #}
lookupResult = lookupResult.groupByKey().map(lambda (l, v) : (l, list(v)))
{# IF ($[SPARK_STREAMING_DEBUG] == 'true') #}
print "========== lookupResult after groupByKey ====================================="
for line in lookupResult.collect() :
  print "=========="
  print line[0]
  print "=========="
  for line_detail in line[1] :    
    print line_detail
{# ENDIF #}
{# IF ($[ERROR_WHEN_MULTIPLE_ROW] == 'true') #}
def checkMultipleRows (v) :
  if len(v) > 1 :
    raise Exception('ODIKM-SPARK-LOOKUP-10000 : Multiple match rows fetched for one of the lookup keys. This exception is triggered because of your lookup component setting for Multiple Match Rows property as "Error : multiple rows will cause a mapping failure".')
  return v;
lookupResult = lookupResult.map(lambda (l, v) : (l, checkMultipleRows(v)))
{# ENDIF #}
{# IF ($[ANY_ROW] == 'false') #}
def sortMultipleRows$[LOOKUP_POSTFIX] (lst) :
  {# FOR ($[LOOKUP_RDD_SHAPES],$[ORDERBY_EXPRS],$[ORDERBY_TYPES_MAP_SIDE]) IN ($[LOOKUP_RDD_SHAPE_ONE],$[ORDERBY_EXPR],$[ORDERBY_TYPE]) SEP = '
  ' #}lst = sorted(lst, key=lambda $[LOOKUP_RDD_SHAPE_ONE]:safeExpr(lambda:$[ORDERBY_EXPR],None), reverse=$[ORDERBY_TYPE]){# ENDFOR #}     
  return lst
lookupResult = lookupResult.map(lambda (l, v) : (l, sortMultipleRows$[LOOKUP_POSTFIX](v) if len(v)>1 else v))
{# IF ($[SPARK_STREAMING_DEBUG] == 'true') #}
print "========== lookupResult after sort ====================================="
for line in lookupResult.collect() :
  print "=========="
  print line[0]
  print "=========="
  for line_detail in line[1] :    
    print line_detail
{# ENDIF #}
{# ENDIF #} 
{# IF ($[RETURN_DEFAULT_IF_NTH_MISSING] == 'true') #}
$[TGT_ALIAS] = lookupResult.map(lambda (l, v) : (l, defaultValue$[LOOKUP_POSTFIX](l)) if len(v)==0 else {# IF ($[NTHROW] == '0') #}(l,v[len(v)-1]){# ELSE #}(l,v[$[NTHROW]-1]) if len(v)>=$[NTHROW] else (l, defaultValue$[LOOKUP_POSTFIX](l)){# ENDIF #})
{# ELSE #}
$[TGT_ALIAS] = lookupResult.map(lambda (l, v) : (l, defaultValue$[LOOKUP_POSTFIX](l)) if len(v)==0 else (l,v[0]) if len(v)==1 else {# IF ($[NTHROW] == '0') #}(l,v[len(v)-1]){# ELSE #}(l,v[$[NTHROW]-1]) if len(v)>=$[NTHROW] else (l, defaultValue$[LOOKUP_POSTFIX](l)){# ENDIF #})
{# ENDIF #}
{# ELSE #}
{# IF ($[ERROR_WHEN_MULTIPLE_ROW] == 'true') #}
def checkMultipleRows (v) :
  if len(v) > 1 :
    raise Exception('ODIKM-SPARK-LOOKUP-10000 : Multiple match rows fetched for one of the lookup keys. This exception is triggered because of your lookup component setting for Multiple Match Rows property as "Error : multiple rows will cause a mapping failure".')
  return v;
lookupResult = lookupResult.map(lambda (l, v) : (l, checkMultipleRows(v)))
{# ENDIF #}
{# IF ($[ANY_ROW] == 'false') #}
def sortMultipleRows$[LOOKUP_POSTFIX] (lst) :
  {# FOR ($[LOOKUP_RDD_SHAPES],$[ORDERBY_EXPRS],$[ORDERBY_TYPES_MAP_SIDE]) IN ($[LOOKUP_RDD_SHAPE_ONE],$[ORDERBY_EXPR],$[ORDERBY_TYPE]) SEP = '
  ' #}lst = sorted(lst, key=lambda $[LOOKUP_RDD_SHAPE_ONE]:safeExpr(lambda:$[ORDERBY_EXPR],None), reverse=$[ORDERBY_TYPE]){# ENDFOR #}
  return lst
lookupResult = lookupResult.map(lambda (l, v) : (l, sortMultipleRows$[LOOKUP_POSTFIX](v) if len(v)> 1 else v))
{# ENDIF #}
{# IF ($[RETURN_DEFAULT_IF_NTH_MISSING] == 'true') #}
$[TGT_ALIAS] = lookupResult.map(lambda (l, v) : (l, defaultValue$[LOOKUP_POSTFIX](l)) if len(v)==0 else {# IF ($[NTHROW] == '0') #}(l,v[len(v)-1]){# ELSE #}(l,v[$[NTHROW]-1]) if len(v)>=$[NTHROW] else (l, defaultValue$[LOOKUP_POSTFIX](l)){# ENDIF #})
{# ELSE #}
$[TGT_ALIAS] = lookupResult.map(lambda (l, v) : (l, defaultValue$[LOOKUP_POSTFIX](l)) if len(v)==0 else (l,v[0]) if len(v)==1 else {# IF ($[NTHROW] == '0') #}(l,v[len(v)-1]){# ELSE #}(l,v[$[NTHROW]-1]) if len(v)>=$[NTHROW] else (l, defaultValue$[LOOKUP_POSTFIX](l)){# ENDIF #})
{# ENDIF #}
{# ENDIF #}
{# ELSE #}
$[TGT_ALIAS] = lookupResult
{# ENDIF #}
{# ENDIF #}
{# INCLUDE = 'SparkPartitionRedistributeAndSort' #}
{# ENDIF #}
    ]]></Field>
	<Field name="TemplateVersion" type="java.lang.String">null</Field>
</Object>
<Object class="com.sunopsis.dwg.dbobj.SnpTemplateJoin">
		<Field name="GlobalId" type="java.lang.String"><![CDATA[bee25a5a-0346-4564-b1a1-740594f782fc]]></Field>
	<Field name="IKmTemplate" type="com.sunopsis.sql.DbInt"><![CDATA[110]]></Field>
	<Field name="IKmTemplateRef" type="com.sunopsis.sql.DbInt"><![CDATA[111]]></Field>
</Object>
<Object class="com.sunopsis.dwg.dbobj.SnpTemplateJoin">
		<Field name="GlobalId" type="java.lang.String"><![CDATA[f3148f6f-e845-403f-9d4a-85f66bde352c]]></Field>
	<Field name="IKmTemplate" type="com.sunopsis.sql.DbInt"><![CDATA[110]]></Field>
	<Field name="IKmTemplateRef" type="com.sunopsis.sql.DbInt"><![CDATA[137]]></Field>
</Object>
<Object class="com.sunopsis.dwg.dbobj.SnpTemplateJoin">
		<Field name="GlobalId" type="java.lang.String"><![CDATA[ccfc3af1-6bb0-4a0f-a21b-7545c4153e9d]]></Field>
	<Field name="IKmTemplate" type="com.sunopsis.sql.DbInt"><![CDATA[110]]></Field>
	<Field name="IKmTemplateRef" type="com.sunopsis.sql.DbInt"><![CDATA[164]]></Field>
</Object>
<Object class="com.sunopsis.dwg.dbobj.SnpTemplateJoin">
		<Field name="GlobalId" type="java.lang.String"><![CDATA[c31ae483-7b93-4e2e-a06c-9e5a9904429f]]></Field>
	<Field name="IKmTemplate" type="com.sunopsis.sql.DbInt"><![CDATA[110]]></Field>
	<Field name="IKmTemplateRef" type="com.sunopsis.sql.DbInt"><![CDATA[168]]></Field>
</Object>
<Object class="com.sunopsis.dwg.dbobj.SnpKmTemplateJoin">
		<Field name="GlobalId" type="java.lang.String"><![CDATA[1b624164-0f80-4e62-b113-5607bc835b3e]]></Field>
	<Field name="ISnpKmTemplate" type="com.sunopsis.sql.DbInt"><![CDATA[110]]></Field>
	<Field name="ISnpTrt" type="com.sunopsis.sql.DbInt"><![CDATA[119]]></Field>
</Object>
<Object class="com.sunopsis.dwg.dbobj.SnpKmTemplateJoin">
		<Field name="GlobalId" type="java.lang.String"><![CDATA[77bc5c40-eadb-48f6-b67b-9149c9b2521a]]></Field>
	<Field name="ISnpKmTemplate" type="com.sunopsis.sql.DbInt"><![CDATA[110]]></Field>
	<Field name="ISnpTrt" type="com.sunopsis.sql.DbInt"><![CDATA[126]]></Field>
</Object>
<Object class="com.sunopsis.dwg.dbobj.SnpKmTemplateJoin">
		<Field name="GlobalId" type="java.lang.String"><![CDATA[501ff148-93a0-4fe1-82e9-bb410807c746]]></Field>
	<Field name="ISnpKmTemplate" type="com.sunopsis.sql.DbInt"><![CDATA[110]]></Field>
	<Field name="ISnpTrt" type="com.sunopsis.sql.DbInt"><![CDATA[121]]></Field>
</Object>
<Object class="com.sunopsis.dwg.dbobj.SnpKmTemplateJoin">
		<Field name="GlobalId" type="java.lang.String"><![CDATA[798feb19-1e5e-406d-8b85-5d2e3263371b]]></Field>
	<Field name="ISnpKmTemplate" type="com.sunopsis.sql.DbInt"><![CDATA[110]]></Field>
	<Field name="ISnpTrt" type="com.sunopsis.sql.DbInt"><![CDATA[116]]></Field>
</Object>
<Object class="com.sunopsis.dwg.dbobj.SnpKmTemplateJoin">
		<Field name="GlobalId" type="java.lang.String"><![CDATA[93d73b15-19e1-43f2-84b0-165a39ef072e]]></Field>
	<Field name="ISnpKmTemplate" type="com.sunopsis.sql.DbInt"><![CDATA[110]]></Field>
	<Field name="ISnpTrt" type="com.sunopsis.sql.DbInt"><![CDATA[140]]></Field>
</Object>
<Object class="com.sunopsis.dwg.dbobj.SnpKmTemplateJoin">
		<Field name="GlobalId" type="java.lang.String"><![CDATA[d7e3f5a4-9c0d-4f36-8dd3-4cdb6eb4139d]]></Field>
	<Field name="ISnpKmTemplate" type="com.sunopsis.sql.DbInt"><![CDATA[110]]></Field>
	<Field name="ISnpTrt" type="com.sunopsis.sql.DbInt"><![CDATA[123]]></Field>
</Object>
<Object class="com.sunopsis.dwg.dbobj.SnpKmTemplateJoin">
		<Field name="GlobalId" type="java.lang.String"><![CDATA[7eea7f7f-65db-4326-a898-9ff3fdfba7eb]]></Field>
	<Field name="ISnpKmTemplate" type="com.sunopsis.sql.DbInt"><![CDATA[110]]></Field>
	<Field name="ISnpTrt" type="com.sunopsis.sql.DbInt"><![CDATA[125]]></Field>
</Object>
<Object class="com.sunopsis.dwg.dbobj.SnpFKXRef">
		<Field name="RefKey" type="java.lang.String"><![CDATA[SNP_KMTEMPLATE.110]]></Field>
	<Field name="RefObjGlobalId" type="java.lang.String"><![CDATA[fa46ec9e-2d00-11e6-942d-00163e1ffd72]]></Field>
 <Field name="RefObjFQName" type="java.lang.String"><![CDATA[SparkLookupCmd]]></Field>
 <Field name="RefObjFQType" type="java.lang.String"><![CDATA[SNP_KMTEMPLATE]]></Field>
 <Field name="RefObjFQNameLengths" type="java.lang.String"><![CDATA[14]]></Field>
</Object>
<Object class="com.sunopsis.dwg.dbobj.SnpFKXRef">
		<Field name="RefKey" type="java.lang.String"><![CDATA[SNP_KMTEMPLATE.111]]></Field>
	<Field name="RefObjGlobalId" type="java.lang.String"><![CDATA[fa46ecd0-2d00-11e6-942e-00163e1ffd72]]></Field>
 <Field name="RefObjFQName" type="java.lang.String"><![CDATA[SparkLookupCmdStreaming]]></Field>
 <Field name="RefObjFQType" type="java.lang.String"><![CDATA[SNP_KMTEMPLATE]]></Field>
 <Field name="RefObjFQNameLengths" type="java.lang.String"><![CDATA[23]]></Field>
</Object>
<Object class="com.sunopsis.dwg.dbobj.SnpFKXRef">
		<Field name="RefKey" type="java.lang.String"><![CDATA[SNP_KMTEMPLATE.137]]></Field>
	<Field name="RefObjGlobalId" type="java.lang.String"><![CDATA[97fe9946-a4d5-4618-a15a-8d5b13a74326]]></Field>
 <Field name="RefObjFQName" type="java.lang.String"><![CDATA[SparkPartitionRedistributeAndSort]]></Field>
 <Field name="RefObjFQType" type="java.lang.String"><![CDATA[SNP_KMTEMPLATE]]></Field>
 <Field name="RefObjFQNameLengths" type="java.lang.String"><![CDATA[33]]></Field>
</Object>
<Object class="com.sunopsis.dwg.dbobj.SnpFKXRef">
		<Field name="RefKey" type="java.lang.String"><![CDATA[SNP_KMTEMPLATE.164]]></Field>
	<Field name="RefObjGlobalId" type="java.lang.String"><![CDATA[c5f54dca-279c-4de1-a552-1e270cbca8f8]]></Field>
 <Field name="RefObjFQName" type="java.lang.String"><![CDATA[SparkLookupCmdDF]]></Field>
 <Field name="RefObjFQType" type="java.lang.String"><![CDATA[SNP_KMTEMPLATE]]></Field>
 <Field name="RefObjFQNameLengths" type="java.lang.String"><![CDATA[16]]></Field>
</Object>
<Object class="com.sunopsis.dwg.dbobj.SnpFKXRef">
		<Field name="RefKey" type="java.lang.String"><![CDATA[SNP_KMTEMPLATE.168]]></Field>
	<Field name="RefObjGlobalId" type="java.lang.String"><![CDATA[0519558e-4d77-490a-bacb-69b2a2b2fad5]]></Field>
 <Field name="RefObjFQName" type="java.lang.String"><![CDATA[SparkPartitionRedistributeAndSortDF]]></Field>
 <Field name="RefObjFQType" type="java.lang.String"><![CDATA[SNP_KMTEMPLATE]]></Field>
 <Field name="RefObjFQNameLengths" type="java.lang.String"><![CDATA[35]]></Field>
</Object>
<Object class="com.sunopsis.dwg.dbobj.SnpFKXRef">
		<Field name="RefKey" type="java.lang.String"><![CDATA[SNP_TRT.119]]></Field>
	<Field name="RefObjGlobalId" type="java.lang.String"><![CDATA[2B7D95B0B8A32C45E053E603C40A5DCB]]></Field>
 <Field name="RefObjFQName" type="java.lang.String"><![CDATA[LKM Spark to HDFS]]></Field>
 <Field name="RefObjFQType" type="java.lang.String"><![CDATA[SNP_TRT]]></Field>
 <Field name="RefObjFQNameLengths" type="java.lang.String"><![CDATA[17]]></Field>
</Object>
<Object class="com.sunopsis.dwg.dbobj.SnpFKXRef">
		<Field name="RefKey" type="java.lang.String"><![CDATA[SNP_TRT.126]]></Field>
	<Field name="RefObjGlobalId" type="java.lang.String"><![CDATA[28C4768839C04BAEE053CCC0E40AAAF7]]></Field>
 <Field name="RefObjFQName" type="java.lang.String"><![CDATA[LKM Spark to Cassandra]]></Field>
 <Field name="RefObjFQType" type="java.lang.String"><![CDATA[SNP_TRT]]></Field>
 <Field name="RefObjFQNameLengths" type="java.lang.String"><![CDATA[22]]></Field>
</Object>
<Object class="com.sunopsis.dwg.dbobj.SnpFKXRef">
		<Field name="RefKey" type="java.lang.String"><![CDATA[SNP_TRT.121]]></Field>
	<Field name="RefObjGlobalId" type="java.lang.String"><![CDATA[c2f113d5-e22b-4237-b25c-545872875536]]></Field>
 <Field name="RefObjFQName" type="java.lang.String"><![CDATA[LKM Spark to Hive]]></Field>
 <Field name="RefObjFQType" type="java.lang.String"><![CDATA[SNP_TRT]]></Field>
 <Field name="RefObjFQNameLengths" type="java.lang.String"><![CDATA[17]]></Field>
</Object>
<Object class="com.sunopsis.dwg.dbobj.SnpFKXRef">
		<Field name="RefKey" type="java.lang.String"><![CDATA[SNP_TRT.116]]></Field>
	<Field name="RefObjGlobalId" type="java.lang.String"><![CDATA[1986feab-eca2-4f5a-96a8-ecf827ac7cda]]></Field>
 <Field name="RefObjFQName" type="java.lang.String"><![CDATA[LKM Spark to File]]></Field>
 <Field name="RefObjFQType" type="java.lang.String"><![CDATA[SNP_TRT]]></Field>
 <Field name="RefObjFQNameLengths" type="java.lang.String"><![CDATA[17]]></Field>
</Object>
<Object class="com.sunopsis.dwg.dbobj.SnpFKXRef">
		<Field name="RefKey" type="java.lang.String"><![CDATA[SNP_TRT.140]]></Field>
	<Field name="RefObjGlobalId" type="java.lang.String"><![CDATA[310d86cf-27e0-48c0-ae73-82685449bcce]]></Field>
 <Field name="RefObjFQName" type="java.lang.String"><![CDATA[IKM Spark Table Function]]></Field>
 <Field name="RefObjFQType" type="java.lang.String"><![CDATA[SNP_TRT]]></Field>
 <Field name="RefObjFQNameLengths" type="java.lang.String"><![CDATA[24]]></Field>
</Object>
<Object class="com.sunopsis.dwg.dbobj.SnpFKXRef">
		<Field name="RefKey" type="java.lang.String"><![CDATA[SNP_TRT.123]]></Field>
	<Field name="RefObjGlobalId" type="java.lang.String"><![CDATA[dabbcab5-caeb-423c-b6f2-bfb106747464]]></Field>
 <Field name="RefObjFQName" type="java.lang.String"><![CDATA[LKM Spark to Kafka]]></Field>
 <Field name="RefObjFQType" type="java.lang.String"><![CDATA[SNP_TRT]]></Field>
 <Field name="RefObjFQNameLengths" type="java.lang.String"><![CDATA[18]]></Field>
</Object>
<Object class="com.sunopsis.dwg.dbobj.SnpFKXRef">
		<Field name="RefKey" type="java.lang.String"><![CDATA[SNP_TRT.125]]></Field>
	<Field name="RefObjGlobalId" type="java.lang.String"><![CDATA[1FD1D82B9F005A53E053CCC0E40AC733]]></Field>
 <Field name="RefObjFQName" type="java.lang.String"><![CDATA[LKM Spark to SQL]]></Field>
 <Field name="RefObjFQType" type="java.lang.String"><![CDATA[SNP_TRT]]></Field>
 <Field name="RefObjFQNameLengths" type="java.lang.String"><![CDATA[16]]></Field>
</Object>
<Object class="com.sunopsis.dwg.DwgExportSummary">
		<Field name="ExpTxtNb" type="com.sunopsis.sql.DbInt"><![CDATA[0]]></Field>
	<Field name="InstObjNb" type="com.sunopsis.sql.DbInt"><![CDATA[0]]></Field>
	<Field name="JoinColNb" type="com.sunopsis.sql.DbInt"><![CDATA[0]]></Field>
	<Field name="JoinNb" type="com.sunopsis.sql.DbInt"><![CDATA[0]]></Field>
	<Field name="KeyColNb" type="com.sunopsis.sql.DbInt"><![CDATA[0]]></Field>
	<Field name="KeyNb" type="com.sunopsis.sql.DbInt"><![CDATA[0]]></Field>
	<Field name="LinkDiagNb" type="com.sunopsis.sql.DbInt"><![CDATA[0]]></Field>
	<Field name="MorigTxtNb" type="com.sunopsis.sql.DbInt"><![CDATA[0]]></Field>
	<Field name="MtxtNb" type="com.sunopsis.sql.DbInt"><![CDATA[0]]></Field>
	<Field name="OrigTxtNb" type="com.sunopsis.sql.DbInt"><![CDATA[0]]></Field>
	<Field name="OtherObjectsNb" type="com.sunopsis.sql.DbInt"><![CDATA[12]]></Field>
	<Field name="PlanAgentNb" type="com.sunopsis.sql.DbInt"><![CDATA[0]]></Field>
	<Field name="StepNb" type="com.sunopsis.sql.DbInt"><![CDATA[0]]></Field>
	<Field name="TxtNb" type="com.sunopsis.sql.DbInt"><![CDATA[0]]></Field>
	<Field name="UeOrigNb" type="com.sunopsis.sql.DbInt"><![CDATA[0]]></Field>
	<Field name="UeUsedNb" type="com.sunopsis.sql.DbInt"><![CDATA[0]]></Field>
	<Field name="VarPlanAgentNb" type="com.sunopsis.sql.DbInt"><![CDATA[0]]></Field>
	<Field name="ScenTxtNb" type="com.sunopsis.sql.DbInt"><![CDATA[0]]></Field>
	<Field name="OdiVersion" type="java.lang.String"><![CDATA[12.2.1]]></Field>
	<Field name="OriginRepositoryID" type="com.sunopsis.sql.DbInt"><![CDATA[1]]></Field>
	<Field name="RepositoryVersion" type="java.lang.String"><![CDATA[05.02.02.07]]></Field>
</Object>
</SunopsisExport>
