<?xml version="1.0" encoding="UTF-8"?>
<SunopsisExport>
<Admin RepositoryVersion="05.02.02.07" IsLegacyIdCompatible="false" />
<Encryption algorithm="AES" keyLength="128" exportKeyHash="" keyVect="P+RBhZSFVo/CHc/0TQesoQ==" exportKeySalt="63d962a7-d781-42a1-85ac-5ffa22316263" containsCipherText="false"/>
<Object class="com.sunopsis.dwg.dbobj.SnpMapping">
		<Field name="BusinessName" type="java.lang.String">null</Field>
	<Field name="Descript" type="java.lang.String">null</Field>
	<Field name="Description" type="java.lang.String">null</Field>
	<Field name="ExtVersion" type="java.lang.String">null</Field>
	<Field name="FirstDate" type="java.sql.Timestamp"><![CDATA[2021-07-16 05:31:46.0]]></Field>
	<Field name="FirstUser" type="java.lang.String"><![CDATA[SUPERVISOR]]></Field>
	<Field name="GlobalId" type="java.lang.String"><![CDATA[d33be06a-9efd-4aae-a9eb-4271232aafd9]]></Field>
	<Field name="IndChange" type="java.lang.String"><![CDATA[I]]></Field>
	<Field name="IntVersion" type="com.sunopsis.sql.DbInt"><![CDATA[1]]></Field>
	<Field name="IsReusable" type="java.lang.String"><![CDATA[N]]></Field>
	<Field name="IContextMapRef" type="com.sunopsis.sql.DbInt"><![CDATA[null]]></Field>
	<Field name="IFolder" type="com.sunopsis.sql.DbInt"><![CDATA[1]]></Field>
	<Field name="IMapping" type="com.sunopsis.sql.DbInt"><![CDATA[1]]></Field>
	<Field name="IProject" type="com.sunopsis.sql.DbInt"><![CDATA[null]]></Field>
	<Field name="IScBaseMapping" type="com.sunopsis.sql.DbInt"><![CDATA[null]]></Field>
	<Field name="IScMapping" type="com.sunopsis.sql.DbInt"><![CDATA[null]]></Field>
	<Field name="IScOrigMapping" type="com.sunopsis.sql.DbInt"><![CDATA[null]]></Field>
	<Field name="LastDate" type="java.sql.Timestamp"><![CDATA[2021-07-16 05:31:46.0]]></Field>
	<Field name="LastUser" type="java.lang.String"><![CDATA[SUPERVISOR]]></Field>
	<Field name="MetadataVersion" type="java.lang.String"><![CDATA[12]]></Field>
	<Field name="Name" type="java.lang.String"><![CDATA[Map1]]></Field>
	<Field name="PropValues" type="java.lang.String">null</Field>
	<Field name="ScOrigMappingTag" type="java.lang.String">null</Field>
</Object>
<Object class="com.sunopsis.dwg.dbobj.SnpMapComp">
		<Field name="Alias" type="java.lang.String">null</Field>
	<Field name="BusinessName" type="java.lang.String">null</Field>
	<Field name="CompTypeVersion" type="java.lang.String">null</Field>
	<Field name="Descript" type="java.lang.String">null</Field>
	<Field name="Description" type="java.lang.String">null</Field>
	<Field name="GlobalId" type="java.lang.String"><![CDATA[bc864c1d-bfec-4302-8b49-0f1b66d8bb62]]></Field>
	<Field name="IsCardinal" type="java.lang.String"><![CDATA[0]]></Field>
	<Field name="IsDerivedName" type="java.lang.String"><![CDATA[0]]></Field>
	<Field name="IsHidden" type="java.lang.String"><![CDATA[0]]></Field>
	<Field name="IMapComp" type="com.sunopsis.sql.DbInt"><![CDATA[1]]></Field>
	<Field name="IMapCompType" type="com.sunopsis.sql.DbInt"><![CDATA[5]]></Field>
	<Field name="IMapRef" type="com.sunopsis.sql.DbInt"><![CDATA[null]]></Field>
	<Field name="IOwnerMapping" type="com.sunopsis.sql.DbInt"><![CDATA[1]]></Field>
	<Field name="IOwnerMapComp" type="com.sunopsis.sql.DbInt"><![CDATA[null]]></Field>
	<Field name="ITechno" type="com.sunopsis.sql.DbInt"><![CDATA[null]]></Field>
	<Field name="Name" type="java.lang.String"><![CDATA[Default]]></Field>
	<Field name="PropValues" type="java.lang.String">null</Field>
	<Field name="SortPos" type="com.sunopsis.sql.DbInt"><![CDATA[0]]></Field>
	<Field name="TypeName" type="java.lang.String"><![CDATA[DATASET]]></Field>
</Object>
<Object class="com.sunopsis.dwg.dbobj.SnpMapCp">
		<Field name="BusinessName" type="java.lang.String">null</Field>
	<Field name="Cardinality" type="java.lang.String"><![CDATA[M]]></Field>
	<Field name="CompSubType" type="java.lang.String">null</Field>
	<Field name="CpOrder" type="com.sunopsis.sql.DbInt"><![CDATA[1]]></Field>
	<Field name="CpPos" type="com.sunopsis.sql.DbInt"><![CDATA[null]]></Field>
	<Field name="Descript" type="java.lang.String">null</Field>
	<Field name="Description" type="java.lang.String">null</Field>
	<Field name="Direction" type="java.lang.String"><![CDATA[O]]></Field>
	<Field name="GlobalId" type="java.lang.String"><![CDATA[a2f6a383-6c70-441b-ac19-6ce5d8e3ebb5]]></Field>
	<Field name="IMapCp" type="com.sunopsis.sql.DbInt"><![CDATA[1]]></Field>
	<Field name="IMapCpRole" type="com.sunopsis.sql.DbInt"><![CDATA[9]]></Field>
	<Field name="IMapRef" type="com.sunopsis.sql.DbInt"><![CDATA[null]]></Field>
	<Field name="IOwnerMapComp" type="com.sunopsis.sql.DbInt"><![CDATA[1]]></Field>
	<Field name="IParMapCp" type="com.sunopsis.sql.DbInt"><![CDATA[null]]></Field>
	<Field name="Name" type="java.lang.String"><![CDATA[OUTPUT1]]></Field>
</Object>
<Object class="com.sunopsis.dwg.dbobj.SnpMapProp">
		<Field name="BusinessName" type="java.lang.String">null</Field>
	<Field name="Descript" type="java.lang.String">null</Field>
	<Field name="Description" type="java.lang.String">null</Field>
	<Field name="DispNameKey" type="java.lang.String">null</Field>
	<Field name="GlobalId" type="java.lang.String"><![CDATA[09646400-79ed-4807-9308-cb348e1af4dd]]></Field>
	<Field name="IsHidden" type="java.lang.String"><![CDATA[1]]></Field>
	<Field name="IDeploySpec" type="com.sunopsis.sql.DbInt"><![CDATA[null]]></Field>
	<Field name="IExecUnit" type="com.sunopsis.sql.DbInt"><![CDATA[null]]></Field>
	<Field name="IMapping" type="com.sunopsis.sql.DbInt"><![CDATA[null]]></Field>
	<Field name="IMapAttr" type="com.sunopsis.sql.DbInt"><![CDATA[null]]></Field>
	<Field name="IMapComp" type="com.sunopsis.sql.DbInt"><![CDATA[1]]></Field>
	<Field name="IMapCp" type="com.sunopsis.sql.DbInt"><![CDATA[null]]></Field>
	<Field name="IMapProp" type="com.sunopsis.sql.DbInt"><![CDATA[3]]></Field>
	<Field name="IMapPropParent" type="com.sunopsis.sql.DbInt"><![CDATA[null]]></Field>
	<Field name="IOwnerMapping" type="com.sunopsis.sql.DbInt"><![CDATA[1]]></Field>
	<Field name="IPhyNode" type="com.sunopsis.sql.DbInt"><![CDATA[null]]></Field>
	<Field name="IPropDef" type="com.sunopsis.sql.DbInt"><![CDATA[61]]></Field>
	<Field name="IPropXrefValue" type="com.sunopsis.sql.DbInt"><![CDATA[null]]></Field>
	<Field name="Name" type="java.lang.String"><![CDATA[LAST_COMPONENT_NAME]]></Field>
	<Field name="PropDefGuid" type="java.lang.String">null</Field>
	<Field name="PropDefQualifiedName" type="java.lang.String">null</Field>
	<Field name="PropOrder" type="com.sunopsis.sql.DbInt"><![CDATA[-1]]></Field>
	<Field name="PropType" type="java.lang.String"><![CDATA[S]]></Field>
	<Field name="PropValue" type="java.lang.String"><![CDATA[/%%@{EMPTY_STRING}%%/]]></Field>
</Object>
<Object class="com.sunopsis.dwg.dbobj.SnpMapProp">
		<Field name="BusinessName" type="java.lang.String">null</Field>
	<Field name="Descript" type="java.lang.String">null</Field>
	<Field name="Description" type="java.lang.String">null</Field>
	<Field name="DispNameKey" type="java.lang.String">null</Field>
	<Field name="GlobalId" type="java.lang.String"><![CDATA[fa0041a7-a931-4667-845a-fb39de866261]]></Field>
	<Field name="IsHidden" type="java.lang.String"><![CDATA[1]]></Field>
	<Field name="IDeploySpec" type="com.sunopsis.sql.DbInt"><![CDATA[null]]></Field>
	<Field name="IExecUnit" type="com.sunopsis.sql.DbInt"><![CDATA[null]]></Field>
	<Field name="IMapping" type="com.sunopsis.sql.DbInt"><![CDATA[1]]></Field>
	<Field name="IMapAttr" type="com.sunopsis.sql.DbInt"><![CDATA[null]]></Field>
	<Field name="IMapComp" type="com.sunopsis.sql.DbInt"><![CDATA[null]]></Field>
	<Field name="IMapCp" type="com.sunopsis.sql.DbInt"><![CDATA[null]]></Field>
	<Field name="IMapProp" type="com.sunopsis.sql.DbInt"><![CDATA[2]]></Field>
	<Field name="IMapPropParent" type="com.sunopsis.sql.DbInt"><![CDATA[null]]></Field>
	<Field name="IOwnerMapping" type="com.sunopsis.sql.DbInt"><![CDATA[1]]></Field>
	<Field name="IPhyNode" type="com.sunopsis.sql.DbInt"><![CDATA[null]]></Field>
	<Field name="IPropDef" type="com.sunopsis.sql.DbInt"><![CDATA[191]]></Field>
	<Field name="IPropXrefValue" type="com.sunopsis.sql.DbInt"><![CDATA[null]]></Field>
	<Field name="Name" type="java.lang.String"><![CDATA[XMLDiagramSettings]]></Field>
	<Field name="PropDefGuid" type="java.lang.String">null</Field>
	<Field name="PropDefQualifiedName" type="java.lang.String">null</Field>
	<Field name="PropOrder" type="com.sunopsis.sql.DbInt"><![CDATA[-1]]></Field>
	<Field name="PropType" type="java.lang.String"><![CDATA[S]]></Field>
	<Field name="PropValue" type="java.lang.String">null</Field>
</Object>
<Object class="com.sunopsis.dwg.dbobj.SnpMapExpr">
		<Field name="ExecOnHint" type="java.lang.String"><![CDATA[N]]></Field>
	<Field name="FirstDate" type="java.sql.Timestamp">null</Field>
	<Field name="FirstUser" type="java.lang.String">null</Field>
	<Field name="GlobalId" type="java.lang.String"><![CDATA[ecf1721b-c786-4a17-8ef0-713e4c252d63]]></Field>
	<Field name="HasUnparsedIdent" type="java.lang.String">null</Field>
	<Field name="IndChange" type="java.lang.String">null</Field>
	<Field name="IntVersion" type="com.sunopsis.sql.DbInt"><![CDATA[null]]></Field>
	<Field name="IsActive" type="java.lang.String">null</Field>
	<Field name="IsParsed" type="java.lang.String"><![CDATA[0]]></Field>
	<Field name="IDisTechRef" type="com.sunopsis.sql.DbInt"><![CDATA[null]]></Field>
	<Field name="IExOnLsRef" type="com.sunopsis.sql.DbInt"><![CDATA[null]]></Field>
	<Field name="IMapCp" type="com.sunopsis.sql.DbInt"><![CDATA[null]]></Field>
	<Field name="IMapExpr" type="com.sunopsis.sql.DbInt"><![CDATA[2]]></Field>
	<Field name="IOwnerMapAttr" type="com.sunopsis.sql.DbInt"><![CDATA[null]]></Field>
	<Field name="IOwnerMapProp" type="com.sunopsis.sql.DbInt"><![CDATA[2]]></Field>
	<Field name="LastDate" type="java.sql.Timestamp">null</Field>
	<Field name="LastUser" type="java.lang.String">null</Field>
	<Field name="ParsedText" type="java.lang.String">null</Field>
	<Field name="ParsedTxt" type="java.lang.String">null</Field>
	<Field name="PropValues" type="java.lang.String">null</Field>
	<Field name="Text" type="java.lang.String">null</Field>
	<Field name="TextHash" type="com.sunopsis.sql.DbInt"><![CDATA[0]]></Field>
	<Field name="TextOnly" type="java.lang.String"><![CDATA[1]]></Field>
	<Field name="Txt" type="java.lang.String"><![CDATA[<?xml version='1.0' encoding='UTF-8' standalone='yes'?>
<xmi:XMI xmlns:xmi='http://www.omg.org/spec/XMI/20131001' xmlns:DI='http://xmlns.omg.org/DI/2.0'>
  <documentation exporter='Oracle IDE' exporterVersion='12.2.1'/>
  <DI:Diagram xmi:type='DI:Diagram' xmi:id='id4b7bf08a-d933-43fd-90b0-fe797b172147' zoom='0.0'>
    <contained xmi:type='DI:GraphNode' xmi:id='idca89a493-ea25-46b0-9ee0-de56e68d701f'>
      <contained xmi:type='DI:GraphNode' xmi:id='id1d2c6eae-611f-4835-9869-b5e62dc37270'>
        <semanticModel xmi:type='DI:SimpleSemanticModelBridge' typeInfo='COMPACT'/>
        <size xmi:type='DI:Dimension' height='9.999999682655225E-21' width='9.999999682655225E-21'/>
      </contained>
      <contained xmi:type='DI:GraphNode' xmi:id='id34f9b3d2-c159-4158-85fb-fc8a1fd87492'>
        <contained xmi:type='DI:GraphNode' xmi:id='id6e7ff81d-e7a5-4b3f-903c-1514f6ba0b61'>
          <position xmi:type='DI:Point' x='0.0' y='0.0'/>
          <semanticModel xmi:type='DI:SimpleSemanticModelBridge' typeInfo='BodyCompartment'/>
        </contained>
        <semanticModel xmi:type='DI:SimpleSemanticModelBridge' typeInfo='EXPANDED'/>
        <size xmi:type='DI:Dimension' height='400.0' width='300.0'/>
      </contained>
      <position xmi:type='DI:Point' x='40.0' y='0.0'/>
      <property xmi:type='DI:Property' key='GroupName' value='Group1'/>
      <property xmi:type='DI:Property' key='titleAlignment' value='CENTER'/>
      <property xmi:type='DI:Property' key='lineColor' value='#a5a5a5'/>
      <property xmi:type='DI:Property' key='showTitle' value='true'/>
      <property xmi:type='DI:Property' key='fillColor' value='#c6d6ff'/>
      <property xmi:type='DI:Property' key='fontColor' value='#0'/>
      <property xmi:type='DI:Property' key='lineWidth' value='1.0'/>
      <property xmi:type='DI:Property' key='font' value='SansSerif,plain,11'/>
      <semanticModel xmi:type='DI:CoreSemanticModelBridge' element='LogicalInterfaceComponent:DATASET:LogicalGrouper:bc864c1d-bfec-4302-8b49-0f1b66d8bb62' presentation='EXPANDED'/>
      <size xmi:type='DI:Dimension' height='400.0' width='300.0'/>
    </contained>
    <property xmi:type='DI:Property' key='DiagramLayoutStyle' value='2'/>
    <property xmi:type='DI:Property' key='ContainerLayoutStyle' value='2'/>
    <property xmi:type='DI:Property' key='showAlignmentRulers' value='false'/>
    <property xmi:type='DI:Property' key='showGrid' value='false'/>
    <property xmi:type='DI:Property' key='gridSize' value='15'/>
    <property xmi:type='DI:Property' key='alignmentRulersColor' value='#99d9ea'/>
    <property xmi:type='DI:Property' key='snapToGrid' value='true'/>
    <property xmi:type='DI:Property' key='PageOrientation' value='1'/>
    <property xmi:type='DI:Property' key='minLayoutDistance' value='40'/>
    <property xmi:type='DI:Property' key='EdgeCrossingType' value='0'/>
    <property xmi:type='DI:Property' key='maxEntriesInShape' value='10'/>
    <property xmi:type='DI:Property' key='maxShapeWidth' value='200'/>
    <property xmi:type='DI:Property' key='PaperOrientation' value='Portrait'/>
    <property xmi:type='DI:Property' key='PrintAreaX' value='0.0'/>
    <property xmi:type='DI:Property' key='PrintAreaY' value='0.0'/>
    <property xmi:type='DI:Property' key='PrintAreaWidth' value='0.0'/>
    <property xmi:type='DI:Property' key='PrintAreaHeight' value='0.0'/>
    <semanticModel xmi:type='DI:SimpleSemanticModelBridge' typeInfo='etl_xinterface_logical'/>
  </DI:Diagram>
</xmi:XMI>]]></Field>
	<Field name="ValidationCode" type="java.lang.String">null</Field>
</Object>
<Object class="com.sunopsis.dwg.dbobj.SnpMapProp">
		<Field name="BusinessName" type="java.lang.String">null</Field>
	<Field name="Descript" type="java.lang.String">null</Field>
	<Field name="Description" type="java.lang.String">null</Field>
	<Field name="DispNameKey" type="java.lang.String">null</Field>
	<Field name="GlobalId" type="java.lang.String"><![CDATA[80fc4091-d67f-45f9-9009-2e0ba30199bd]]></Field>
	<Field name="IsHidden" type="java.lang.String"><![CDATA[0]]></Field>
	<Field name="IDeploySpec" type="com.sunopsis.sql.DbInt"><![CDATA[null]]></Field>
	<Field name="IExecUnit" type="com.sunopsis.sql.DbInt"><![CDATA[null]]></Field>
	<Field name="IMapping" type="com.sunopsis.sql.DbInt"><![CDATA[1]]></Field>
	<Field name="IMapAttr" type="com.sunopsis.sql.DbInt"><![CDATA[null]]></Field>
	<Field name="IMapComp" type="com.sunopsis.sql.DbInt"><![CDATA[null]]></Field>
	<Field name="IMapCp" type="com.sunopsis.sql.DbInt"><![CDATA[null]]></Field>
	<Field name="IMapProp" type="com.sunopsis.sql.DbInt"><![CDATA[1]]></Field>
	<Field name="IMapPropParent" type="com.sunopsis.sql.DbInt"><![CDATA[null]]></Field>
	<Field name="IOwnerMapping" type="com.sunopsis.sql.DbInt"><![CDATA[1]]></Field>
	<Field name="IPhyNode" type="com.sunopsis.sql.DbInt"><![CDATA[null]]></Field>
	<Field name="IPropDef" type="com.sunopsis.sql.DbInt"><![CDATA[194]]></Field>
	<Field name="IPropXrefValue" type="com.sunopsis.sql.DbInt"><![CDATA[null]]></Field>
	<Field name="Name" type="java.lang.String"><![CDATA[TARGET_LOAD_ORDER]]></Field>
	<Field name="PropDefGuid" type="java.lang.String">null</Field>
	<Field name="PropDefQualifiedName" type="java.lang.String">null</Field>
	<Field name="PropOrder" type="com.sunopsis.sql.DbInt"><![CDATA[-1]]></Field>
	<Field name="PropType" type="java.lang.String"><![CDATA[E]]></Field>
	<Field name="PropValue" type="java.lang.String">null</Field>
</Object>
<Object class="com.sunopsis.dwg.dbobj.SnpMapExpr">
		<Field name="ExecOnHint" type="java.lang.String"><![CDATA[N]]></Field>
	<Field name="FirstDate" type="java.sql.Timestamp">null</Field>
	<Field name="FirstUser" type="java.lang.String">null</Field>
	<Field name="GlobalId" type="java.lang.String"><![CDATA[7b48517c-a494-4bdc-b3b5-64d4095a016a]]></Field>
	<Field name="HasUnparsedIdent" type="java.lang.String">null</Field>
	<Field name="IndChange" type="java.lang.String">null</Field>
	<Field name="IntVersion" type="com.sunopsis.sql.DbInt"><![CDATA[null]]></Field>
	<Field name="IsActive" type="java.lang.String">null</Field>
	<Field name="IsParsed" type="java.lang.String"><![CDATA[0]]></Field>
	<Field name="IDisTechRef" type="com.sunopsis.sql.DbInt"><![CDATA[null]]></Field>
	<Field name="IExOnLsRef" type="com.sunopsis.sql.DbInt"><![CDATA[null]]></Field>
	<Field name="IMapCp" type="com.sunopsis.sql.DbInt"><![CDATA[null]]></Field>
	<Field name="IMapExpr" type="com.sunopsis.sql.DbInt"><![CDATA[1]]></Field>
	<Field name="IOwnerMapAttr" type="com.sunopsis.sql.DbInt"><![CDATA[null]]></Field>
	<Field name="IOwnerMapProp" type="com.sunopsis.sql.DbInt"><![CDATA[1]]></Field>
	<Field name="LastDate" type="java.sql.Timestamp">null</Field>
	<Field name="LastUser" type="java.lang.String">null</Field>
	<Field name="ParsedText" type="java.lang.String">null</Field>
	<Field name="ParsedTxt" type="java.lang.String">null</Field>
	<Field name="PropValues" type="java.lang.String">null</Field>
	<Field name="Text" type="java.lang.String">null</Field>
	<Field name="TextHash" type="com.sunopsis.sql.DbInt"><![CDATA[0]]></Field>
	<Field name="TextOnly" type="java.lang.String"><![CDATA[0]]></Field>
	<Field name="Txt" type="java.lang.String">null</Field>
	<Field name="ValidationCode" type="java.lang.String">null</Field>
</Object>
<Object class="com.sunopsis.dwg.dbobj.SnpFKXRef">
		<Field name="RefKey" type="java.lang.String"><![CDATA[SNP_FOLDER.1]]></Field>
	<Field name="RefObjGlobalId" type="java.lang.String"><![CDATA[98dacb44-f775-47c2-b3a7-9c9cdc578d96]]></Field>
 <Field name="RefObjFQName" type="java.lang.String"><![CDATA[First Project.First Folder]]></Field>
 <Field name="RefObjFQType" type="java.lang.String"><![CDATA[SNP_PROJECT.SNP_FOLDER]]></Field>
 <Field name="RefObjFQNameLengths" type="java.lang.String"><![CDATA[13.12]]></Field>
</Object>
<Object class="com.sunopsis.dwg.dbobj.SnpFKXRef">
		<Field name="RefKey" type="java.lang.String"><![CDATA[SNP_MAPPING.1]]></Field>
	<Field name="RefObjGlobalId" type="java.lang.String"><![CDATA[d33be06a-9efd-4aae-a9eb-4271232aafd9]]></Field>
 <Field name="RefObjFQName" type="java.lang.String"><![CDATA[First Project.First Folder.Map1]]></Field>
 <Field name="RefObjFQType" type="java.lang.String"><![CDATA[SNP_PROJECT.SNP_FOLDER.SNP_MAPPING]]></Field>
 <Field name="RefObjFQNameLengths" type="java.lang.String"><![CDATA[13.12.4]]></Field>
</Object>
<Object class="com.sunopsis.dwg.dbobj.SnpFKXRef">
		<Field name="RefKey" type="java.lang.String"><![CDATA[SNP_MAPCOMPTYPE.5]]></Field>
	<Field name="RefObjGlobalId" type="java.lang.String"><![CDATA[1af807e6-c4ef-449e-8d8d-25c3f0cfcb2f]]></Field>
 <Field name="RefObjFQName" type="java.lang.String"><![CDATA[DATASET]]></Field>
 <Field name="RefObjFQType" type="java.lang.String"><![CDATA[SNP_MAPCOMPTYPE]]></Field>
 <Field name="RefObjFQNameLengths" type="java.lang.String"><![CDATA[7]]></Field>
</Object>
<Object class="com.sunopsis.dwg.dbobj.SnpFKXRef">
		<Field name="RefKey" type="java.lang.String"><![CDATA[SNP_MAPCOMP.1]]></Field>
	<Field name="RefObjGlobalId" type="java.lang.String"><![CDATA[bc864c1d-bfec-4302-8b49-0f1b66d8bb62]]></Field>
 <Field name="RefObjFQName" type="java.lang.String"><![CDATA[First Project.First Folder.Map1.Default]]></Field>
 <Field name="RefObjFQType" type="java.lang.String"><![CDATA[SNP_PROJECT.SNP_FOLDER.SNP_MAPPING.SNP_MAPCOMP]]></Field>
 <Field name="RefObjFQNameLengths" type="java.lang.String"><![CDATA[13.12.4.7]]></Field>
</Object>
<Object class="com.sunopsis.dwg.dbobj.SnpFKXRef">
		<Field name="RefKey" type="java.lang.String"><![CDATA[SNP_MAPCPROLE.9]]></Field>
	<Field name="RefObjGlobalId" type="java.lang.String"><![CDATA[b104a845-6ced-4f9f-830f-3f3231938a4d]]></Field>
 <Field name="RefObjFQName" type="java.lang.String"><![CDATA[DATASET.OUTPUT]]></Field>
 <Field name="RefObjFQType" type="java.lang.String"><![CDATA[SNP_MAPCOMPTYPE.SNP_MAPCPROLE]]></Field>
 <Field name="RefObjFQNameLengths" type="java.lang.String"><![CDATA[7.6]]></Field>
</Object>
<Object class="com.sunopsis.dwg.dbobj.SnpFKXRef">
		<Field name="RefKey" type="java.lang.String"><![CDATA[SNP_MAPPROPDEF.61]]></Field>
	<Field name="RefObjGlobalId" type="java.lang.String"><![CDATA[9f58c0d1-a6c9-4a06-abc2-e1c9299493b0]]></Field>
 <Field name="RefObjFQName" type="java.lang.String"><![CDATA[DATASET.LAST_COMPONENT_NAME]]></Field>
 <Field name="RefObjFQType" type="java.lang.String"><![CDATA[SNP_MAPCOMPTYPE.SNP_MAPPROPDEF]]></Field>
 <Field name="RefObjFQNameLengths" type="java.lang.String"><![CDATA[7.19]]></Field>
</Object>
<Object class="com.sunopsis.dwg.dbobj.SnpFKXRef">
		<Field name="RefKey" type="java.lang.String"><![CDATA[SNP_MAPPROPDEF.191]]></Field>
	<Field name="RefObjGlobalId" type="java.lang.String"><![CDATA[73fada02-4b4a-41b7-82a7-015a3bd763d9]]></Field>
 <Field name="RefObjFQName" type="java.lang.String"><![CDATA[XMLDiagramSettings]]></Field>
 <Field name="RefObjFQType" type="java.lang.String"><![CDATA[SNP_MAPPROPDEF]]></Field>
 <Field name="RefObjFQNameLengths" type="java.lang.String"><![CDATA[18]]></Field>
</Object>
<Object class="com.sunopsis.dwg.dbobj.SnpFKXRef">
		<Field name="RefKey" type="java.lang.String"><![CDATA[SNP_MAPPROP.2]]></Field>
	<Field name="RefObjGlobalId" type="java.lang.String"><![CDATA[fa0041a7-a931-4667-845a-fb39de866261]]></Field>
 <Field name="RefObjFQName" type="java.lang.String"><![CDATA[First Project.First Folder.Map1.XMLDiagramSettings]]></Field>
 <Field name="RefObjFQType" type="java.lang.String"><![CDATA[SNP_PROJECT.SNP_FOLDER.SNP_MAPPING.SNP_MAPPROP]]></Field>
 <Field name="RefObjFQNameLengths" type="java.lang.String"><![CDATA[13.12.4.18]]></Field>
</Object>
<Object class="com.sunopsis.dwg.dbobj.SnpFKXRef">
		<Field name="RefKey" type="java.lang.String"><![CDATA[SNP_MAPPROPDEF.194]]></Field>
	<Field name="RefObjGlobalId" type="java.lang.String"><![CDATA[9404d502-7340-4269-be5f-b175f57f0268]]></Field>
 <Field name="RefObjFQName" type="java.lang.String"><![CDATA[TARGET_LOAD_ORDER]]></Field>
 <Field name="RefObjFQType" type="java.lang.String"><![CDATA[SNP_MAPPROPDEF]]></Field>
 <Field name="RefObjFQNameLengths" type="java.lang.String"><![CDATA[17]]></Field>
</Object>
<Object class="com.sunopsis.dwg.dbobj.SnpFKXRef">
		<Field name="RefKey" type="java.lang.String"><![CDATA[SNP_MAPPROP.1]]></Field>
	<Field name="RefObjGlobalId" type="java.lang.String"><![CDATA[80fc4091-d67f-45f9-9009-2e0ba30199bd]]></Field>
 <Field name="RefObjFQName" type="java.lang.String"><![CDATA[First Project.First Folder.Map1.TARGET_LOAD_ORDER]]></Field>
 <Field name="RefObjFQType" type="java.lang.String"><![CDATA[SNP_PROJECT.SNP_FOLDER.SNP_MAPPING.SNP_MAPPROP]]></Field>
 <Field name="RefObjFQNameLengths" type="java.lang.String"><![CDATA[13.12.4.17]]></Field>
</Object>
<Object class="com.sunopsis.dwg.DwgExportSummary">
		<Field name="ExpTxtNb" type="com.sunopsis.sql.DbInt"><![CDATA[0]]></Field>
	<Field name="InstObjNb" type="com.sunopsis.sql.DbInt"><![CDATA[0]]></Field>
	<Field name="JoinColNb" type="com.sunopsis.sql.DbInt"><![CDATA[0]]></Field>
	<Field name="JoinNb" type="com.sunopsis.sql.DbInt"><![CDATA[0]]></Field>
	<Field name="KeyColNb" type="com.sunopsis.sql.DbInt"><![CDATA[0]]></Field>
	<Field name="KeyNb" type="com.sunopsis.sql.DbInt"><![CDATA[0]]></Field>
	<Field name="LinkDiagNb" type="com.sunopsis.sql.DbInt"><![CDATA[0]]></Field>
	<Field name="MorigTxtNb" type="com.sunopsis.sql.DbInt"><![CDATA[0]]></Field>
	<Field name="MtxtNb" type="com.sunopsis.sql.DbInt"><![CDATA[0]]></Field>
	<Field name="OrigTxtNb" type="com.sunopsis.sql.DbInt"><![CDATA[0]]></Field>
	<Field name="OtherObjectsNb" type="com.sunopsis.sql.DbInt"><![CDATA[8]]></Field>
	<Field name="PlanAgentNb" type="com.sunopsis.sql.DbInt"><![CDATA[0]]></Field>
	<Field name="StepNb" type="com.sunopsis.sql.DbInt"><![CDATA[0]]></Field>
	<Field name="TxtNb" type="com.sunopsis.sql.DbInt"><![CDATA[0]]></Field>
	<Field name="UeOrigNb" type="com.sunopsis.sql.DbInt"><![CDATA[0]]></Field>
	<Field name="UeUsedNb" type="com.sunopsis.sql.DbInt"><![CDATA[0]]></Field>
	<Field name="VarPlanAgentNb" type="com.sunopsis.sql.DbInt"><![CDATA[0]]></Field>
	<Field name="ScenTxtNb" type="com.sunopsis.sql.DbInt"><![CDATA[0]]></Field>
	<Field name="OdiVersion" type="java.lang.String"><![CDATA[12.2.1]]></Field>
	<Field name="OriginRepositoryID" type="com.sunopsis.sql.DbInt"><![CDATA[1]]></Field>
	<Field name="RepositoryVersion" type="java.lang.String"><![CDATA[05.02.02.07]]></Field>
</Object>
</SunopsisExport>
