<?xml version="1.0" encoding="UTF-8"?>
<SunopsisExport>
<Admin RepositoryVersion="05.02.02.07" IsLegacyIdCompatible="false" />
<Encryption algorithm="AES" keyLength="128" exportKeyHash="" keyVect="XYu/f4hM1TPxpDPpb9DgQQ==" exportKeySalt="5bba0202-40fd-4fef-9506-4c651835f64c" containsCipherText="false"/>
<Object class="com.sunopsis.dwg.dbobj.SnpUfunc">
		<Field name="ExtVersion" type="java.lang.String">null</Field>
	<Field name="FirstDate" type="java.sql.Timestamp"><![CDATA[2017-09-25 01:39:31.0]]></Field>
	<Field name="FirstUser" type="java.lang.String"><![CDATA[SUNOPSIS_INSTALL]]></Field>
	<Field name="GlobalId" type="java.lang.String"><![CDATA[89eca3e6-fae5-4995-bb40-02ae1a1623c4]]></Field>
	<Field name="GroupName" type="java.lang.String"><![CDATA[Dimension]]></Field>
	<Field name="IndChange" type="java.lang.String"><![CDATA[I]]></Field>
	<Field name="IntVersion" type="com.sunopsis.sql.DbInt"><![CDATA[1]]></Field>
	<Field name="IProject" type="com.sunopsis.sql.DbInt"><![CDATA[null]]></Field>
	<Field name="ITxtDef" type="com.sunopsis.sql.DbInt"><![CDATA[811]]></Field>
	<Field name="ITxtDesc" type="com.sunopsis.sql.DbInt"><![CDATA[null]]></Field>
	<Field name="IUfunc" type="com.sunopsis.sql.DbInt"><![CDATA[3]]></Field>
	<Field name="LastDate" type="java.sql.Timestamp"><![CDATA[2017-09-25 01:39:31.0]]></Field>
	<Field name="LastUser" type="java.lang.String"><![CDATA[SUNOPSIS_INSTALL]]></Field>
	<Field name="SyntaxHash" type="java.lang.String"><![CDATA[df74038a3ff2bce07e6852f283239e87dfbc08f9]]></Field>
	<Field name="UfuncName" type="java.lang.String"><![CDATA[FUNC_MINUS_MINUTES]]></Field>
	<Field name="UfuncVersion" type="java.lang.String">null</Field>
	<Field name="VLastDate" type="java.sql.Timestamp">null</Field>
</Object>
<Object class="com.sunopsis.dwg.dbobj.SnpUfuncImpl">
		<Field name="GlobalId" type="java.lang.String"><![CDATA[9cd4aa46-d4f5-4612-b41b-8616fd31792b]]></Field>
	<Field name="ITxtImpl" type="com.sunopsis.sql.DbInt"><![CDATA[824]]></Field>
	<Field name="IUfunc" type="com.sunopsis.sql.DbInt"><![CDATA[3]]></Field>
	<Field name="IUfuncImpl" type="com.sunopsis.sql.DbInt"><![CDATA[7]]></Field>
</Object>
<Object class="com.sunopsis.dwg.dbobj.SnpUfuncTechno">
		<Field name="GlobalId" type="java.lang.String"><![CDATA[af5f6306-8cbe-4606-bc8e-5fd83a4c8cd8]]></Field>
	<Field name="IUfuncImpl" type="com.sunopsis.sql.DbInt"><![CDATA[7]]></Field>
	<Field name="TechIntName" type="java.lang.String"><![CDATA[ORACLE]]></Field>
</Object>
<Object class="com.sunopsis.dwg.dbobj.SnpReferencedObject">
		<Field name="IObject" type="com.sunopsis.sql.DbInt"><![CDATA[1200]]></Field>
	<Field name="ObjectPKasString" type="java.lang.String"><![CDATA[90]]></Field>
	<Field name="ObjectAKasString" type="java.lang.String"><![CDATA[ORACLE]]></Field>
	<Field name="Description" type="java.lang.String"><![CDATA[SNP_TECHNO : Oracle]]></Field>
 <Field name="GlobalId" type="java.lang.String"><![CDATA[e9120718-5b1e-3e9c-b3b9-28317b288494]]></Field>
</Object>
<Object class="com.sunopsis.dwg.dbobj.SnpTxtHeader">
		<Field name="Enc" type="java.lang.String"><![CDATA[0]]></Field>
	<Field name="EncKey" type="java.lang.String">null</Field>
 <Field name="EncKeyVect" type="java.lang.String">null</Field>
	<Field name="GlobalId" type="java.lang.String"><![CDATA[4884d206-47ff-4f66-8932-b3ae2939520a]]></Field>
	<Field name="ITxt" type="com.sunopsis.sql.DbInt"><![CDATA[824]]></Field>
	<Field name="ITxtOrig" type="com.sunopsis.sql.DbInt"><![CDATA[125]]></Field>
	<Field name="SqlIndGrp" type="java.lang.String"><![CDATA[2]]></Field>
 <Field name="Txt" type="java.lang.String"><![CDATA[$(PARAM1) - INTERVAL '$(PARAM2)' MINUTE]]></Field>
</Object>
<Object class="com.sunopsis.dwg.dbobj.SnpOrigTxt">
		<Field name="GlobalId" type="java.lang.String">null</Field>
	<Field name="ITxtOrig" type="com.sunopsis.sql.DbInt"><![CDATA[125]]></Field>
	<Field name="OrigineName" type="java.lang.String"><![CDATA[Function impl.]]></Field>
	<Field name="SnpsCol" type="java.lang.String"><![CDATA[I_TXT_IMPL]]></Field>
	<Field name="SnpsTable" type="java.lang.String"><![CDATA[SNP_UFUNC_IMPL]]></Field>
</Object>
<Object class="com.sunopsis.dwg.dbobj.SnpUfuncImpl">
		<Field name="GlobalId" type="java.lang.String"><![CDATA[2e5c1fc5-40f9-470d-b18c-66ea54235c04]]></Field>
	<Field name="ITxtImpl" type="com.sunopsis.sql.DbInt"><![CDATA[825]]></Field>
	<Field name="IUfunc" type="com.sunopsis.sql.DbInt"><![CDATA[3]]></Field>
	<Field name="IUfuncImpl" type="com.sunopsis.sql.DbInt"><![CDATA[8]]></Field>
</Object>
<Object class="com.sunopsis.dwg.dbobj.SnpUfuncTechno">
		<Field name="GlobalId" type="java.lang.String"><![CDATA[fd126d6c-6fcd-4d15-8a67-75501abf0590]]></Field>
	<Field name="IUfuncImpl" type="com.sunopsis.sql.DbInt"><![CDATA[8]]></Field>
	<Field name="TechIntName" type="java.lang.String"><![CDATA[MYSQL]]></Field>
</Object>
<Object class="com.sunopsis.dwg.dbobj.SnpReferencedObject">
		<Field name="IObject" type="com.sunopsis.sql.DbInt"><![CDATA[1200]]></Field>
	<Field name="ObjectPKasString" type="java.lang.String"><![CDATA[80]]></Field>
	<Field name="ObjectAKasString" type="java.lang.String"><![CDATA[MYSQL]]></Field>
	<Field name="Description" type="java.lang.String"><![CDATA[SNP_TECHNO : MySQL]]></Field>
 <Field name="GlobalId" type="java.lang.String"><![CDATA[c937df56-8e23-336a-9805-0e1576d17653]]></Field>
</Object>
<Object class="com.sunopsis.dwg.dbobj.SnpTxtHeader">
		<Field name="Enc" type="java.lang.String"><![CDATA[0]]></Field>
	<Field name="EncKey" type="java.lang.String">null</Field>
 <Field name="EncKeyVect" type="java.lang.String">null</Field>
	<Field name="GlobalId" type="java.lang.String"><![CDATA[c0ece788-9123-4266-a6b8-ade49044b264]]></Field>
	<Field name="ITxt" type="com.sunopsis.sql.DbInt"><![CDATA[825]]></Field>
	<Field name="ITxtOrig" type="com.sunopsis.sql.DbInt"><![CDATA[125]]></Field>
	<Field name="SqlIndGrp" type="java.lang.String"><![CDATA[2]]></Field>
 <Field name="Txt" type="java.lang.String"><![CDATA[DATE_SUB($(PARAM1), INTERVAL $(PARAM2) MINUTE)]]></Field>
</Object>
<Object class="com.sunopsis.dwg.dbobj.SnpUfuncImpl">
		<Field name="GlobalId" type="java.lang.String"><![CDATA[71d9f063-4e07-450c-af21-16b284ee4eed]]></Field>
	<Field name="ITxtImpl" type="com.sunopsis.sql.DbInt"><![CDATA[826]]></Field>
	<Field name="IUfunc" type="com.sunopsis.sql.DbInt"><![CDATA[3]]></Field>
	<Field name="IUfuncImpl" type="com.sunopsis.sql.DbInt"><![CDATA[9]]></Field>
</Object>
<Object class="com.sunopsis.dwg.dbobj.SnpUfuncTechno">
		<Field name="GlobalId" type="java.lang.String"><![CDATA[d8a631af-2dbc-4343-9eab-eaa053cb611f]]></Field>
	<Field name="IUfuncImpl" type="com.sunopsis.sql.DbInt"><![CDATA[9]]></Field>
	<Field name="TechIntName" type="java.lang.String"><![CDATA[IBM_DB2_UDB]]></Field>
</Object>
<Object class="com.sunopsis.dwg.dbobj.SnpReferencedObject">
		<Field name="IObject" type="com.sunopsis.sql.DbInt"><![CDATA[1200]]></Field>
	<Field name="ObjectPKasString" type="java.lang.String"><![CDATA[42]]></Field>
	<Field name="ObjectAKasString" type="java.lang.String"><![CDATA[IBM_DB2_UDB]]></Field>
	<Field name="Description" type="java.lang.String"><![CDATA[SNP_TECHNO : IBM DB2 UDB]]></Field>
 <Field name="GlobalId" type="java.lang.String"><![CDATA[b3583113-3cbd-3f3c-84c9-f030cbd57662]]></Field>
</Object>
<Object class="com.sunopsis.dwg.dbobj.SnpTxtHeader">
		<Field name="Enc" type="java.lang.String"><![CDATA[0]]></Field>
	<Field name="EncKey" type="java.lang.String">null</Field>
 <Field name="EncKeyVect" type="java.lang.String">null</Field>
	<Field name="GlobalId" type="java.lang.String"><![CDATA[0cc56f1b-6b3a-4d50-885a-390fe806cefd]]></Field>
	<Field name="ITxt" type="com.sunopsis.sql.DbInt"><![CDATA[826]]></Field>
	<Field name="ITxtOrig" type="com.sunopsis.sql.DbInt"><![CDATA[125]]></Field>
	<Field name="SqlIndGrp" type="java.lang.String"><![CDATA[2]]></Field>
 <Field name="Txt" type="java.lang.String"><![CDATA[$(PARAM1) - '$(PARAM2)' MINUTE]]></Field>
</Object>
<Object class="com.sunopsis.dwg.dbobj.SnpTxtHeader">
		<Field name="Enc" type="java.lang.String"><![CDATA[0]]></Field>
	<Field name="EncKey" type="java.lang.String">null</Field>
 <Field name="EncKeyVect" type="java.lang.String">null</Field>
	<Field name="GlobalId" type="java.lang.String"><![CDATA[db2f32fe-b01c-4514-bbd8-9e37702a8531]]></Field>
	<Field name="ITxt" type="com.sunopsis.sql.DbInt"><![CDATA[811]]></Field>
	<Field name="ITxtOrig" type="com.sunopsis.sql.DbInt"><![CDATA[126]]></Field>
	<Field name="SqlIndGrp" type="java.lang.String"><![CDATA[0]]></Field>
 <Field name="Txt" type="java.lang.String"><![CDATA[FUNC_MINUS_MINUTES($(PARAM1), $(PARAM2))]]></Field>
</Object>
<Object class="com.sunopsis.dwg.dbobj.SnpOrigTxt">
		<Field name="GlobalId" type="java.lang.String">null</Field>
	<Field name="ITxtOrig" type="com.sunopsis.sql.DbInt"><![CDATA[126]]></Field>
	<Field name="OrigineName" type="java.lang.String"><![CDATA[UFUNC_TXT_DEF]]></Field>
	<Field name="SnpsCol" type="java.lang.String"><![CDATA[I_TXT_DEF]]></Field>
	<Field name="SnpsTable" type="java.lang.String"><![CDATA[SNP_UFUNC]]></Field>
</Object>
<Object class="com.sunopsis.dwg.dbobj.SnpFKXRef">
		<Field name="RefKey" type="java.lang.String"><![CDATA[SNP_TXTHEADER.811]]></Field>
	<Field name="RefObjGlobalId" type="java.lang.String"><![CDATA[db2f32fe-b01c-4514-bbd8-9e37702a8531]]></Field>
 <Field name="RefObjFQName" type="java.lang.String">null</Field>
 <Field name="RefObjFQType" type="java.lang.String">null</Field>
 <Field name="RefObjFQNameLengths" type="java.lang.String">null</Field>
</Object>
<Object class="com.sunopsis.dwg.dbobj.SnpFKXRef">
		<Field name="RefKey" type="java.lang.String"><![CDATA[SNP_UFUNC.3]]></Field>
	<Field name="RefObjGlobalId" type="java.lang.String"><![CDATA[89eca3e6-fae5-4995-bb40-02ae1a1623c4]]></Field>
 <Field name="RefObjFQName" type="java.lang.String"><![CDATA[FUNC_MINUS_MINUTES]]></Field>
 <Field name="RefObjFQType" type="java.lang.String"><![CDATA[SNP_UFUNC]]></Field>
 <Field name="RefObjFQNameLengths" type="java.lang.String"><![CDATA[18]]></Field>
</Object>
<Object class="com.sunopsis.dwg.dbobj.SnpFKXRef">
		<Field name="RefKey" type="java.lang.String"><![CDATA[SNP_TXTHEADER.824]]></Field>
	<Field name="RefObjGlobalId" type="java.lang.String"><![CDATA[4884d206-47ff-4f66-8932-b3ae2939520a]]></Field>
 <Field name="RefObjFQName" type="java.lang.String">null</Field>
 <Field name="RefObjFQType" type="java.lang.String">null</Field>
 <Field name="RefObjFQNameLengths" type="java.lang.String">null</Field>
</Object>
<Object class="com.sunopsis.dwg.dbobj.SnpFKXRef">
		<Field name="RefKey" type="java.lang.String"><![CDATA[SNP_UFUNCIMPL.7]]></Field>
	<Field name="RefObjGlobalId" type="java.lang.String"><![CDATA[9cd4aa46-d4f5-4612-b41b-8616fd31792b]]></Field>
 <Field name="RefObjFQName" type="java.lang.String">null</Field>
 <Field name="RefObjFQType" type="java.lang.String">null</Field>
 <Field name="RefObjFQNameLengths" type="java.lang.String">null</Field>
</Object>
<Object class="com.sunopsis.dwg.dbobj.SnpFKXRef">
		<Field name="RefKey" type="java.lang.String"><![CDATA[SNP_TXTHEADER.825]]></Field>
	<Field name="RefObjGlobalId" type="java.lang.String"><![CDATA[c0ece788-9123-4266-a6b8-ade49044b264]]></Field>
 <Field name="RefObjFQName" type="java.lang.String">null</Field>
 <Field name="RefObjFQType" type="java.lang.String">null</Field>
 <Field name="RefObjFQNameLengths" type="java.lang.String">null</Field>
</Object>
<Object class="com.sunopsis.dwg.dbobj.SnpFKXRef">
		<Field name="RefKey" type="java.lang.String"><![CDATA[SNP_UFUNCIMPL.8]]></Field>
	<Field name="RefObjGlobalId" type="java.lang.String"><![CDATA[2e5c1fc5-40f9-470d-b18c-66ea54235c04]]></Field>
 <Field name="RefObjFQName" type="java.lang.String">null</Field>
 <Field name="RefObjFQType" type="java.lang.String">null</Field>
 <Field name="RefObjFQNameLengths" type="java.lang.String">null</Field>
</Object>
<Object class="com.sunopsis.dwg.dbobj.SnpFKXRef">
		<Field name="RefKey" type="java.lang.String"><![CDATA[SNP_ORIGTXT.125]]></Field>
	<Field name="RefObjGlobalId" type="java.lang.String">null</Field>
 <Field name="RefObjFQName" type="java.lang.String">null</Field>
 <Field name="RefObjFQType" type="java.lang.String">null</Field>
 <Field name="RefObjFQNameLengths" type="java.lang.String">null</Field>
</Object>
<Object class="com.sunopsis.dwg.dbobj.SnpFKXRef">
		<Field name="RefKey" type="java.lang.String"><![CDATA[SNP_TXTHEADER.826]]></Field>
	<Field name="RefObjGlobalId" type="java.lang.String"><![CDATA[0cc56f1b-6b3a-4d50-885a-390fe806cefd]]></Field>
 <Field name="RefObjFQName" type="java.lang.String">null</Field>
 <Field name="RefObjFQType" type="java.lang.String">null</Field>
 <Field name="RefObjFQNameLengths" type="java.lang.String">null</Field>
</Object>
<Object class="com.sunopsis.dwg.dbobj.SnpFKXRef">
		<Field name="RefKey" type="java.lang.String"><![CDATA[SNP_UFUNCIMPL.9]]></Field>
	<Field name="RefObjGlobalId" type="java.lang.String"><![CDATA[71d9f063-4e07-450c-af21-16b284ee4eed]]></Field>
 <Field name="RefObjFQName" type="java.lang.String">null</Field>
 <Field name="RefObjFQType" type="java.lang.String">null</Field>
 <Field name="RefObjFQNameLengths" type="java.lang.String">null</Field>
</Object>
<Object class="com.sunopsis.dwg.DwgExportSummary">
		<Field name="ExpTxtNb" type="com.sunopsis.sql.DbInt"><![CDATA[0]]></Field>
	<Field name="InstObjNb" type="com.sunopsis.sql.DbInt"><![CDATA[0]]></Field>
	<Field name="JoinColNb" type="com.sunopsis.sql.DbInt"><![CDATA[0]]></Field>
	<Field name="JoinNb" type="com.sunopsis.sql.DbInt"><![CDATA[0]]></Field>
	<Field name="KeyColNb" type="com.sunopsis.sql.DbInt"><![CDATA[0]]></Field>
	<Field name="KeyNb" type="com.sunopsis.sql.DbInt"><![CDATA[0]]></Field>
	<Field name="LinkDiagNb" type="com.sunopsis.sql.DbInt"><![CDATA[0]]></Field>
	<Field name="MorigTxtNb" type="com.sunopsis.sql.DbInt"><![CDATA[0]]></Field>
	<Field name="MtxtNb" type="com.sunopsis.sql.DbInt"><![CDATA[0]]></Field>
	<Field name="OrigTxtNb" type="com.sunopsis.sql.DbInt"><![CDATA[4]]></Field>
	<Field name="OtherObjectsNb" type="com.sunopsis.sql.DbInt"><![CDATA[7]]></Field>
	<Field name="PlanAgentNb" type="com.sunopsis.sql.DbInt"><![CDATA[0]]></Field>
	<Field name="StepNb" type="com.sunopsis.sql.DbInt"><![CDATA[0]]></Field>
	<Field name="TxtNb" type="com.sunopsis.sql.DbInt"><![CDATA[4]]></Field>
	<Field name="UeOrigNb" type="com.sunopsis.sql.DbInt"><![CDATA[0]]></Field>
	<Field name="UeUsedNb" type="com.sunopsis.sql.DbInt"><![CDATA[0]]></Field>
	<Field name="VarPlanAgentNb" type="com.sunopsis.sql.DbInt"><![CDATA[0]]></Field>
	<Field name="ScenTxtNb" type="com.sunopsis.sql.DbInt"><![CDATA[0]]></Field>
	<Field name="OdiVersion" type="java.lang.String"><![CDATA[12.2.1]]></Field>
	<Field name="OriginRepositoryID" type="com.sunopsis.sql.DbInt"><![CDATA[1]]></Field>
	<Field name="RepositoryVersion" type="java.lang.String"><![CDATA[05.02.02.07]]></Field>
</Object>
</SunopsisExport>
