<?xml version="1.0" encoding="UTF-8"?>
<SunopsisExport>
<Admin RepositoryVersion="05.02.02.07" IsLegacyIdCompatible="false" />
<Encryption algorithm="AES" keyLength="128" exportKeyHash="" keyVect="zkJkaS4ErxtWk5EMGxnWMw==" exportKeySalt="dbf276df-0e1f-449f-afbf-b93b29d08dd3" containsCipherText="false"/>
<Object class="com.sunopsis.dwg.dbobj.SnpFolder">
		<Field name="ExtVersion" type="java.lang.String">null</Field>
	<Field name="FirstDate" type="java.sql.Timestamp"><![CDATA[2021-07-16 05:14:39.0]]></Field>
	<Field name="FirstUser" type="java.lang.String"><![CDATA[SUPERVISOR]]></Field>
	<Field name="FolderName" type="java.lang.String"><![CDATA[First Folder]]></Field>
	<Field name="GlobalId" type="java.lang.String"><![CDATA[98dacb44-f775-47c2-b3a7-9c9cdc578d96]]></Field>
	<Field name="IndChange" type="java.lang.String"><![CDATA[U]]></Field>
	<Field name="IntVersion" type="com.sunopsis.sql.DbInt"><![CDATA[1]]></Field>
	<Field name="IFolder" type="com.sunopsis.sql.DbInt"><![CDATA[1]]></Field>
	<Field name="IProject" type="com.sunopsis.sql.DbInt"><![CDATA[1]]></Field>
	<Field name="LastDate" type="java.sql.Timestamp"><![CDATA[2021-07-16 05:31:46.0]]></Field>
	<Field name="LastUser" type="java.lang.String"><![CDATA[SUPERVISOR]]></Field>
	<Field name="OrdFolder" type="com.sunopsis.sql.DbInt"><![CDATA[null]]></Field>
	<Field name="ParIFolder" type="com.sunopsis.sql.DbInt"><![CDATA[null]]></Field>
	<Field name="ReleaseTag" type="java.lang.String">null</Field>
	<Field name="VLastDate" type="java.sql.Timestamp">null</Field>
</Object>
<Object class="com.sunopsis.dwg.dbobj.SnpChildFCO">
		<Field name="Type" type="java.lang.String"><![CDATA[SnpPackage]]></Field>
	<Field name="SubType" type="java.lang.String">null</Field>
	<Field name="Name" type="java.lang.String"><![CDATA[pkg1]]></Field>
	<Field name="GlobalId" type="java.lang.String"><![CDATA[43bbfc3a-9b42-4ae3-bce4-add9191c4c18]]></Field>
	<Field name="Version" type="java.lang.String"><![CDATA[b07b391261f6a848d0010f9ae73ca60de49ce37c]]></Field>
	<Field name="Path" type="java.lang.String"><![CDATA[Packages/PACK_pkg1.xml]]></Field>
</Object>
<Object class="com.sunopsis.dwg.dbobj.SnpChildFCO">
		<Field name="Type" type="java.lang.String"><![CDATA[SnpMapping]]></Field>
	<Field name="SubType" type="java.lang.String"><![CDATA[N]]></Field>
	<Field name="Name" type="java.lang.String"><![CDATA[Map1]]></Field>
	<Field name="GlobalId" type="java.lang.String"><![CDATA[d33be06a-9efd-4aae-a9eb-4271232aafd9]]></Field>
	<Field name="Version" type="java.lang.String"><![CDATA[b07b391261f6a848d0010f9ae73ca60de49ce37c]]></Field>
	<Field name="Path" type="java.lang.String"><![CDATA[Mappings/MAP_Map1.xml]]></Field>
</Object>
<Object class="com.sunopsis.dwg.dbobj.SnpFKXRef">
		<Field name="RefKey" type="java.lang.String"><![CDATA[SNP_PROJECT.1]]></Field>
	<Field name="RefObjGlobalId" type="java.lang.String"><![CDATA[df2c9d94-b7aa-4ae2-8fff-4f673cf6867e]]></Field>
 <Field name="RefObjFQName" type="java.lang.String"><![CDATA[First Project]]></Field>
 <Field name="RefObjFQType" type="java.lang.String"><![CDATA[SNP_PROJECT]]></Field>
 <Field name="RefObjFQNameLengths" type="java.lang.String"><![CDATA[13]]></Field>
</Object>
<Object class="com.sunopsis.dwg.DwgExportSummary">
		<Field name="ExpTxtNb" type="com.sunopsis.sql.DbInt"><![CDATA[0]]></Field>
	<Field name="InstObjNb" type="com.sunopsis.sql.DbInt"><![CDATA[0]]></Field>
	<Field name="JoinColNb" type="com.sunopsis.sql.DbInt"><![CDATA[0]]></Field>
	<Field name="JoinNb" type="com.sunopsis.sql.DbInt"><![CDATA[0]]></Field>
	<Field name="KeyColNb" type="com.sunopsis.sql.DbInt"><![CDATA[0]]></Field>
	<Field name="KeyNb" type="com.sunopsis.sql.DbInt"><![CDATA[0]]></Field>
	<Field name="LinkDiagNb" type="com.sunopsis.sql.DbInt"><![CDATA[0]]></Field>
	<Field name="MorigTxtNb" type="com.sunopsis.sql.DbInt"><![CDATA[0]]></Field>
	<Field name="MtxtNb" type="com.sunopsis.sql.DbInt"><![CDATA[0]]></Field>
	<Field name="OrigTxtNb" type="com.sunopsis.sql.DbInt"><![CDATA[0]]></Field>
	<Field name="OtherObjectsNb" type="com.sunopsis.sql.DbInt"><![CDATA[1]]></Field>
	<Field name="PlanAgentNb" type="com.sunopsis.sql.DbInt"><![CDATA[0]]></Field>
	<Field name="StepNb" type="com.sunopsis.sql.DbInt"><![CDATA[0]]></Field>
	<Field name="TxtNb" type="com.sunopsis.sql.DbInt"><![CDATA[0]]></Field>
	<Field name="UeOrigNb" type="com.sunopsis.sql.DbInt"><![CDATA[0]]></Field>
	<Field name="UeUsedNb" type="com.sunopsis.sql.DbInt"><![CDATA[0]]></Field>
	<Field name="VarPlanAgentNb" type="com.sunopsis.sql.DbInt"><![CDATA[0]]></Field>
	<Field name="ScenTxtNb" type="com.sunopsis.sql.DbInt"><![CDATA[0]]></Field>
	<Field name="OdiVersion" type="java.lang.String"><![CDATA[12.2.1]]></Field>
	<Field name="OriginRepositoryID" type="com.sunopsis.sql.DbInt"><![CDATA[1]]></Field>
	<Field name="RepositoryVersion" type="java.lang.String"><![CDATA[05.02.02.07]]></Field>
</Object>
</SunopsisExport>
